<RCAExplore_Document>
	<Step nb="0">
		<Lattice numberObj="16" numberAtt="13" numberCpt="37" >
			<Config algo="fca">
			</Config>
			<Name>Rafat_example</Name>
			<Object>Product-1</Object>
			<Object>Product-2</Object>
			<Object>Product-3</Object>
			<Object>Product-4</Object>
			<Object>Product-5</Object>
			<Object>Product-6</Object>
			<Object>Product-7</Object>
			<Object>Product-8</Object>
			<Object>Product-9</Object>
			<Object>Product-10</Object>
			<Object>Product-11</Object>
			<Object>Product-12</Object>
			<Object>Product-13</Object>
			<Object>Product-14</Object>
			<Object>Product-15</Object>
			<Object>Product-16</Object>
			<Attribute>Cell_Phone</Attribute>
			<Attribute>Wireless</Attribute>
			<Attribute>Infrared</Attribute>
			<Attribute>Bluethooth</Attribute>
			<Attribute>Accu_Cell</Attribute>
			<Attribute>Strong</Attribute>
			<Attribute>Medium</Attribute>
			<Attribute>Weak</Attribute>
			<Attribute>Display</Attribute>
			<Attribute>Games</Attribute>
			<Attribute>Multi_player</Attribute>
			<Attribute>Single_Player</Attribute>
			<Attribute>Artificial_Opponnent</Attribute>
			<Concept>
				<ID>Concept_Rafat_example_36</ID>
				<Extent>
					<Object_Ref>Product-1</Object_Ref>
					<Object_Ref>Product-2</Object_Ref>
					<Object_Ref>Product-3</Object_Ref>
					<Object_Ref>Product-4</Object_Ref>
					<Object_Ref>Product-5</Object_Ref>
					<Object_Ref>Product-6</Object_Ref>
					<Object_Ref>Product-7</Object_Ref>
					<Object_Ref>Product-8</Object_Ref>
					<Object_Ref>Product-9</Object_Ref>
					<Object_Ref>Product-10</Object_Ref>
					<Object_Ref>Product-11</Object_Ref>
					<Object_Ref>Product-12</Object_Ref>
					<Object_Ref>Product-13</Object_Ref>
					<Object_Ref>Product-14</Object_Ref>
					<Object_Ref>Product-15</Object_Ref>
					<Object_Ref>Product-16</Object_Ref>
				</Extent>
				<Intent>
					<Attribute_Ref>Accu_Cell</Attribute_Ref>
					<Attribute_Ref>Games</Attribute_Ref>
					<Attribute_Ref>Cell_Phone</Attribute_Ref>
					<Attribute_Ref>Display</Attribute_Ref>
				</Intent>
				<UpperCovers>
				</UpperCovers>
			</Concept>
			<Concept>
				<ID>Concept_Rafat_example_35</ID>
				<Extent>
					<Object_Ref>Product-1</Object_Ref>
					<Object_Ref>Product-2</Object_Ref>
					<Object_Ref>Product-3</Object_Ref>
					<Object_Ref>Product-4</Object_Ref>
					<Object_Ref>Product-7</Object_Ref>
					<Object_Ref>Product-8</Object_Ref>
					<Object_Ref>Product-9</Object_Ref>
					<Object_Ref>Product-11</Object_Ref>
					<Object_Ref>Product-12</Object_Ref>
					<Object_Ref>Product-13</Object_Ref>
					<Object_Ref>Product-14</Object_Ref>
					<Object_Ref>Product-15</Object_Ref>
					<Object_Ref>Product-16</Object_Ref>
				</Extent>
				<Intent>
					<Attribute_Ref>Wireless</Attribute_Ref>
					<Attribute_Ref>Accu_Cell</Attribute_Ref>
					<Attribute_Ref>Games</Attribute_Ref>
					<Attribute_Ref>Cell_Phone</Attribute_Ref>
					<Attribute_Ref>Display</Attribute_Ref>
				</Intent>
				<UpperCovers>
					<Concept_Ref>Concept_Rafat_example_36</Concept_Ref>
				</UpperCovers>
			</Concept>
			<Concept>
				<ID>Concept_Rafat_example_32</ID>
				<Extent>
					<Object_Ref>Product-1</Object_Ref>
					<Object_Ref>Product-3</Object_Ref>
					<Object_Ref>Product-4</Object_Ref>
					<Object_Ref>Product-7</Object_Ref>
					<Object_Ref>Product-9</Object_Ref>
					<Object_Ref>Product-11</Object_Ref>
					<Object_Ref>Product-12</Object_Ref>
					<Object_Ref>Product-13</Object_Ref>
					<Object_Ref>Product-14</Object_Ref>
					<Object_Ref>Product-16</Object_Ref>
				</Extent>
				<Intent>
					<Attribute_Ref>Wireless</Attribute_Ref>
					<Attribute_Ref>Accu_Cell</Attribute_Ref>
					<Attribute_Ref>Infrared</Attribute_Ref>
					<Attribute_Ref>Games</Attribute_Ref>
					<Attribute_Ref>Cell_Phone</Attribute_Ref>
					<Attribute_Ref>Display</Attribute_Ref>
				</Intent>
				<UpperCovers>
					<Concept_Ref>Concept_Rafat_example_35</Concept_Ref>
				</UpperCovers>
			</Concept>
			<Concept>
				<ID>Concept_Rafat_example_15</ID>
				<Extent>
					<Object_Ref>Product-3</Object_Ref>
					<Object_Ref>Product-9</Object_Ref>
					<Object_Ref>Product-16</Object_Ref>
				</Extent>
				<Intent>
					<Attribute_Ref>Wireless</Attribute_Ref>
					<Attribute_Ref>Accu_Cell</Attribute_Ref>
					<Attribute_Ref>Infrared</Attribute_Ref>
					<Attribute_Ref>Games</Attribute_Ref>
					<Attribute_Ref>Cell_Phone</Attribute_Ref>
					<Attribute_Ref>Strong</Attribute_Ref>
					<Attribute_Ref>Bluethooth</Attribute_Ref>
					<Attribute_Ref>Display</Attribute_Ref>
				</Intent>
				<UpperCovers>
					<Concept_Ref>Concept_Rafat_example_24</Concept_Ref>
					<Concept_Ref>Concept_Rafat_example_23</Concept_Ref>
				</UpperCovers>
			</Concept>
			<Concept>
				<ID>Concept_Rafat_example_23</ID>
				<Extent>
					<Object_Ref>Product-2</Object_Ref>
					<Object_Ref>Product-3</Object_Ref>
					<Object_Ref>Product-8</Object_Ref>
					<Object_Ref>Product-9</Object_Ref>
					<Object_Ref>Product-15</Object_Ref>
					<Object_Ref>Product-16</Object_Ref>
				</Extent>
				<Intent>
					<Attribute_Ref>Wireless</Attribute_Ref>
					<Attribute_Ref>Accu_Cell</Attribute_Ref>
					<Attribute_Ref>Games</Attribute_Ref>
					<Attribute_Ref>Cell_Phone</Attribute_Ref>
					<Attribute_Ref>Strong</Attribute_Ref>
					<Attribute_Ref>Bluethooth</Attribute_Ref>
					<Attribute_Ref>Display</Attribute_Ref>
				</Intent>
				<UpperCovers>
					<Concept_Ref>Concept_Rafat_example_31</Concept_Ref>
				</UpperCovers>
			</Concept>
			<Concept>
				<ID>Concept_Rafat_example_24</ID>
				<Extent>
					<Object_Ref>Product-1</Object_Ref>
					<Object_Ref>Product-3</Object_Ref>
					<Object_Ref>Product-7</Object_Ref>
					<Object_Ref>Product-9</Object_Ref>
					<Object_Ref>Product-14</Object_Ref>
					<Object_Ref>Product-16</Object_Ref>
				</Extent>
				<Intent>
					<Attribute_Ref>Wireless</Attribute_Ref>
					<Attribute_Ref>Accu_Cell</Attribute_Ref>
					<Attribute_Ref>Infrared</Attribute_Ref>
					<Attribute_Ref>Games</Attribute_Ref>
					<Attribute_Ref>Cell_Phone</Attribute_Ref>
					<Attribute_Ref>Strong</Attribute_Ref>
					<Attribute_Ref>Display</Attribute_Ref>
				</Intent>
				<UpperCovers>
					<Concept_Ref>Concept_Rafat_example_32</Concept_Ref>
					<Concept_Ref>Concept_Rafat_example_31</Concept_Ref>
				</UpperCovers>
			</Concept>
			<Concept>
				<ID>Concept_Rafat_example_31</ID>
				<Extent>
					<Object_Ref>Product-1</Object_Ref>
					<Object_Ref>Product-2</Object_Ref>
					<Object_Ref>Product-3</Object_Ref>
					<Object_Ref>Product-7</Object_Ref>
					<Object_Ref>Product-8</Object_Ref>
					<Object_Ref>Product-9</Object_Ref>
					<Object_Ref>Product-14</Object_Ref>
					<Object_Ref>Product-15</Object_Ref>
					<Object_Ref>Product-16</Object_Ref>
				</Extent>
				<Intent>
					<Attribute_Ref>Wireless</Attribute_Ref>
					<Attribute_Ref>Accu_Cell</Attribute_Ref>
					<Attribute_Ref>Games</Attribute_Ref>
					<Attribute_Ref>Cell_Phone</Attribute_Ref>
					<Attribute_Ref>Strong</Attribute_Ref>
					<Attribute_Ref>Display</Attribute_Ref>
				</Intent>
				<UpperCovers>
					<Concept_Ref>Concept_Rafat_example_35</Concept_Ref>
					<Concept_Ref>Concept_Rafat_example_33</Concept_Ref>
				</UpperCovers>
			</Concept>
			<Concept>
				<ID>Concept_Rafat_example_33</ID>
				<Extent>
					<Object_Ref>Product-1</Object_Ref>
					<Object_Ref>Product-2</Object_Ref>
					<Object_Ref>Product-3</Object_Ref>
					<Object_Ref>Product-6</Object_Ref>
					<Object_Ref>Product-7</Object_Ref>
					<Object_Ref>Product-8</Object_Ref>
					<Object_Ref>Product-9</Object_Ref>
					<Object_Ref>Product-14</Object_Ref>
					<Object_Ref>Product-15</Object_Ref>
					<Object_Ref>Product-16</Object_Ref>
				</Extent>
				<Intent>
					<Attribute_Ref>Accu_Cell</Attribute_Ref>
					<Attribute_Ref>Games</Attribute_Ref>
					<Attribute_Ref>Cell_Phone</Attribute_Ref>
					<Attribute_Ref>Strong</Attribute_Ref>
					<Attribute_Ref>Display</Attribute_Ref>
				</Intent>
				<UpperCovers>
					<Concept_Ref>Concept_Rafat_example_36</Concept_Ref>
				</UpperCovers>
			</Concept>
			<Concept>
				<ID>Concept_Rafat_example_0</ID>
				<Extent>
				</Extent>
				<Intent>
					<Attribute_Ref>Wireless</Attribute_Ref>
					<Attribute_Ref>Infrared</Attribute_Ref>
					<Attribute_Ref>Single_Player</Attribute_Ref>
					<Attribute_Ref>Strong</Attribute_Ref>
					<Attribute_Ref>Bluethooth</Attribute_Ref>
					<Attribute_Ref>Weak</Attribute_Ref>
					<Attribute_Ref>Accu_Cell</Attribute_Ref>
					<Attribute_Ref>Artificial_Opponnent</Attribute_Ref>
					<Attribute_Ref>Medium</Attribute_Ref>
					<Attribute_Ref>Games</Attribute_Ref>
					<Attribute_Ref>Multi_player</Attribute_Ref>
					<Attribute_Ref>Cell_Phone</Attribute_Ref>
					<Attribute_Ref>Display</Attribute_Ref>
				</Intent>
				<UpperCovers>
					<Concept_Ref>Concept_Rafat_example_3</Concept_Ref>
					<Concept_Ref>Concept_Rafat_example_2</Concept_Ref>
					<Concept_Ref>Concept_Rafat_example_1</Concept_Ref>
				</UpperCovers>
			</Concept>
			<Concept>
				<ID>Concept_Rafat_example_14</ID>
				<Extent>
					<Object_Ref>Product-4</Object_Ref>
					<Object_Ref>Product-11</Object_Ref>
					<Object_Ref>Product-13</Object_Ref>
				</Extent>
				<Intent>
					<Attribute_Ref>Wireless</Attribute_Ref>
					<Attribute_Ref>Accu_Cell</Attribute_Ref>
					<Attribute_Ref>Infrared</Attribute_Ref>
					<Attribute_Ref>Medium</Attribute_Ref>
					<Attribute_Ref>Games</Attribute_Ref>
					<Attribute_Ref>Cell_Phone</Attribute_Ref>
					<Attribute_Ref>Display</Attribute_Ref>
				</Intent>
				<UpperCovers>
					<Concept_Ref>Concept_Rafat_example_32</Concept_Ref>
					<Concept_Ref>Concept_Rafat_example_19</Concept_Ref>
				</UpperCovers>
			</Concept>
			<Concept>
				<ID>Concept_Rafat_example_19</ID>
				<Extent>
					<Object_Ref>Product-4</Object_Ref>
					<Object_Ref>Product-10</Object_Ref>
					<Object_Ref>Product-11</Object_Ref>
					<Object_Ref>Product-13</Object_Ref>
				</Extent>
				<Intent>
					<Attribute_Ref>Accu_Cell</Attribute_Ref>
					<Attribute_Ref>Medium</Attribute_Ref>
					<Attribute_Ref>Games</Attribute_Ref>
					<Attribute_Ref>Cell_Phone</Attribute_Ref>
					<Attribute_Ref>Display</Attribute_Ref>
				</Intent>
				<UpperCovers>
					<Concept_Ref>Concept_Rafat_example_36</Concept_Ref>
				</UpperCovers>
			</Concept>
			<Concept>
				<ID>Concept_Rafat_example_3</ID>
				<Extent>
					<Object_Ref>Product-12</Object_Ref>
				</Extent>
				<Intent>
					<Attribute_Ref>Wireless</Attribute_Ref>
					<Attribute_Ref>Weak</Attribute_Ref>
					<Attribute_Ref>Accu_Cell</Attribute_Ref>
					<Attribute_Ref>Infrared</Attribute_Ref>
					<Attribute_Ref>Artificial_Opponnent</Attribute_Ref>
					<Attribute_Ref>Games</Attribute_Ref>
					<Attribute_Ref>Single_Player</Attribute_Ref>
					<Attribute_Ref>Cell_Phone</Attribute_Ref>
					<Attribute_Ref>Display</Attribute_Ref>
				</Intent>
				<UpperCovers>
					<Concept_Ref>Concept_Rafat_example_8</Concept_Ref>
					<Concept_Ref>Concept_Rafat_example_27</Concept_Ref>
				</UpperCovers>
			</Concept>
			<Concept>
				<ID>Concept_Rafat_example_8</ID>
				<Extent>
					<Object_Ref>Product-5</Object_Ref>
					<Object_Ref>Product-12</Object_Ref>
				</Extent>
				<Intent>
					<Attribute_Ref>Weak</Attribute_Ref>
					<Attribute_Ref>Accu_Cell</Attribute_Ref>
					<Attribute_Ref>Artificial_Opponnent</Attribute_Ref>
					<Attribute_Ref>Games</Attribute_Ref>
					<Attribute_Ref>Single_Player</Attribute_Ref>
					<Attribute_Ref>Cell_Phone</Attribute_Ref>
					<Attribute_Ref>Display</Attribute_Ref>
				</Intent>
				<UpperCovers>
					<Concept_Ref>Concept_Rafat_example_34</Concept_Ref>
				</UpperCovers>
			</Concept>
			<Concept>
				<ID>Concept_Rafat_example_10</ID>
				<Extent>
					<Object_Ref>Product-3</Object_Ref>
					<Object_Ref>Product-16</Object_Ref>
				</Extent>
				<Intent>
					<Attribute_Ref>Wireless</Attribute_Ref>
					<Attribute_Ref>Accu_Cell</Attribute_Ref>
					<Attribute_Ref>Infrared</Attribute_Ref>
					<Attribute_Ref>Games</Attribute_Ref>
					<Attribute_Ref>Multi_player</Attribute_Ref>
					<Attribute_Ref>Cell_Phone</Attribute_Ref>
					<Attribute_Ref>Strong</Attribute_Ref>
					<Attribute_Ref>Bluethooth</Attribute_Ref>
					<Attribute_Ref>Display</Attribute_Ref>
				</Intent>
				<UpperCovers>
					<Concept_Ref>Concept_Rafat_example_21</Concept_Ref>
					<Concept_Ref>Concept_Rafat_example_20</Concept_Ref>
					<Concept_Ref>Concept_Rafat_example_15</Concept_Ref>
				</UpperCovers>
			</Concept>
			<Concept>
				<ID>Concept_Rafat_example_21</ID>
				<Extent>
					<Object_Ref>Product-1</Object_Ref>
					<Object_Ref>Product-3</Object_Ref>
					<Object_Ref>Product-14</Object_Ref>
					<Object_Ref>Product-16</Object_Ref>
				</Extent>
				<Intent>
					<Attribute_Ref>Wireless</Attribute_Ref>
					<Attribute_Ref>Accu_Cell</Attribute_Ref>
					<Attribute_Ref>Infrared</Attribute_Ref>
					<Attribute_Ref>Games</Attribute_Ref>
					<Attribute_Ref>Multi_player</Attribute_Ref>
					<Attribute_Ref>Cell_Phone</Attribute_Ref>
					<Attribute_Ref>Strong</Attribute_Ref>
					<Attribute_Ref>Display</Attribute_Ref>
				</Intent>
				<UpperCovers>
					<Concept_Ref>Concept_Rafat_example_24</Concept_Ref>
					<Concept_Ref>Concept_Rafat_example_25</Concept_Ref>
					<Concept_Ref>Concept_Rafat_example_26</Concept_Ref>
				</UpperCovers>
			</Concept>
			<Concept>
				<ID>Concept_Rafat_example_9</ID>
				<Extent>
					<Object_Ref>Product-4</Object_Ref>
					<Object_Ref>Product-13</Object_Ref>
				</Extent>
				<Intent>
					<Attribute_Ref>Wireless</Attribute_Ref>
					<Attribute_Ref>Accu_Cell</Attribute_Ref>
					<Attribute_Ref>Infrared</Attribute_Ref>
					<Attribute_Ref>Medium</Attribute_Ref>
					<Attribute_Ref>Games</Attribute_Ref>
					<Attribute_Ref>Multi_player</Attribute_Ref>
					<Attribute_Ref>Cell_Phone</Attribute_Ref>
					<Attribute_Ref>Display</Attribute_Ref>
				</Intent>
				<UpperCovers>
					<Concept_Ref>Concept_Rafat_example_25</Concept_Ref>
					<Concept_Ref>Concept_Rafat_example_14</Concept_Ref>
				</UpperCovers>
			</Concept>
			<Concept>
				<ID>Concept_Rafat_example_25</ID>
				<Extent>
					<Object_Ref>Product-1</Object_Ref>
					<Object_Ref>Product-3</Object_Ref>
					<Object_Ref>Product-4</Object_Ref>
					<Object_Ref>Product-13</Object_Ref>
					<Object_Ref>Product-14</Object_Ref>
					<Object_Ref>Product-16</Object_Ref>
				</Extent>
				<Intent>
					<Attribute_Ref>Wireless</Attribute_Ref>
					<Attribute_Ref>Accu_Cell</Attribute_Ref>
					<Attribute_Ref>Infrared</Attribute_Ref>
					<Attribute_Ref>Games</Attribute_Ref>
					<Attribute_Ref>Multi_player</Attribute_Ref>
					<Attribute_Ref>Cell_Phone</Attribute_Ref>
					<Attribute_Ref>Display</Attribute_Ref>
				</Intent>
				<UpperCovers>
					<Concept_Ref>Concept_Rafat_example_32</Concept_Ref>
					<Concept_Ref>Concept_Rafat_example_29</Concept_Ref>
				</UpperCovers>
			</Concept>
			<Concept>
				<ID>Concept_Rafat_example_20</ID>
				<Extent>
					<Object_Ref>Product-2</Object_Ref>
					<Object_Ref>Product-3</Object_Ref>
					<Object_Ref>Product-15</Object_Ref>
					<Object_Ref>Product-16</Object_Ref>
				</Extent>
				<Intent>
					<Attribute_Ref>Wireless</Attribute_Ref>
					<Attribute_Ref>Accu_Cell</Attribute_Ref>
					<Attribute_Ref>Games</Attribute_Ref>
					<Attribute_Ref>Multi_player</Attribute_Ref>
					<Attribute_Ref>Cell_Phone</Attribute_Ref>
					<Attribute_Ref>Strong</Attribute_Ref>
					<Attribute_Ref>Bluethooth</Attribute_Ref>
					<Attribute_Ref>Display</Attribute_Ref>
				</Intent>
				<UpperCovers>
					<Concept_Ref>Concept_Rafat_example_23</Concept_Ref>
					<Concept_Ref>Concept_Rafat_example_26</Concept_Ref>
				</UpperCovers>
			</Concept>
			<Concept>
				<ID>Concept_Rafat_example_26</ID>
				<Extent>
					<Object_Ref>Product-1</Object_Ref>
					<Object_Ref>Product-2</Object_Ref>
					<Object_Ref>Product-3</Object_Ref>
					<Object_Ref>Product-14</Object_Ref>
					<Object_Ref>Product-15</Object_Ref>
					<Object_Ref>Product-16</Object_Ref>
				</Extent>
				<Intent>
					<Attribute_Ref>Wireless</Attribute_Ref>
					<Attribute_Ref>Accu_Cell</Attribute_Ref>
					<Attribute_Ref>Games</Attribute_Ref>
					<Attribute_Ref>Multi_player</Attribute_Ref>
					<Attribute_Ref>Cell_Phone</Attribute_Ref>
					<Attribute_Ref>Strong</Attribute_Ref>
					<Attribute_Ref>Display</Attribute_Ref>
				</Intent>
				<UpperCovers>
					<Concept_Ref>Concept_Rafat_example_31</Concept_Ref>
					<Concept_Ref>Concept_Rafat_example_29</Concept_Ref>
				</UpperCovers>
			</Concept>
			<Concept>
				<ID>Concept_Rafat_example_29</ID>
				<Extent>
					<Object_Ref>Product-1</Object_Ref>
					<Object_Ref>Product-2</Object_Ref>
					<Object_Ref>Product-3</Object_Ref>
					<Object_Ref>Product-4</Object_Ref>
					<Object_Ref>Product-13</Object_Ref>
					<Object_Ref>Product-14</Object_Ref>
					<Object_Ref>Product-15</Object_Ref>
					<Object_Ref>Product-16</Object_Ref>
				</Extent>
				<Intent>
					<Attribute_Ref>Wireless</Attribute_Ref>
					<Attribute_Ref>Accu_Cell</Attribute_Ref>
					<Attribute_Ref>Games</Attribute_Ref>
					<Attribute_Ref>Multi_player</Attribute_Ref>
					<Attribute_Ref>Cell_Phone</Attribute_Ref>
					<Attribute_Ref>Display</Attribute_Ref>
				</Intent>
				<UpperCovers>
					<Concept_Ref>Concept_Rafat_example_35</Concept_Ref>
				</UpperCovers>
			</Concept>
			<Concept>
				<ID>Concept_Rafat_example_2</ID>
				<Extent>
					<Object_Ref>Product-13</Object_Ref>
				</Extent>
				<Intent>
					<Attribute_Ref>Wireless</Attribute_Ref>
					<Attribute_Ref>Accu_Cell</Attribute_Ref>
					<Attribute_Ref>Infrared</Attribute_Ref>
					<Attribute_Ref>Artificial_Opponnent</Attribute_Ref>
					<Attribute_Ref>Medium</Attribute_Ref>
					<Attribute_Ref>Games</Attribute_Ref>
					<Attribute_Ref>Single_Player</Attribute_Ref>
					<Attribute_Ref>Multi_player</Attribute_Ref>
					<Attribute_Ref>Cell_Phone</Attribute_Ref>
					<Attribute_Ref>Display</Attribute_Ref>
				</Intent>
				<UpperCovers>
					<Concept_Ref>Concept_Rafat_example_9</Concept_Ref>
					<Concept_Ref>Concept_Rafat_example_6</Concept_Ref>
					<Concept_Ref>Concept_Rafat_example_12</Concept_Ref>
				</UpperCovers>
			</Concept>
			<Concept>
				<ID>Concept_Rafat_example_6</ID>
				<Extent>
					<Object_Ref>Product-11</Object_Ref>
					<Object_Ref>Product-13</Object_Ref>
				</Extent>
				<Intent>
					<Attribute_Ref>Wireless</Attribute_Ref>
					<Attribute_Ref>Accu_Cell</Attribute_Ref>
					<Attribute_Ref>Infrared</Attribute_Ref>
					<Attribute_Ref>Artificial_Opponnent</Attribute_Ref>
					<Attribute_Ref>Medium</Attribute_Ref>
					<Attribute_Ref>Games</Attribute_Ref>
					<Attribute_Ref>Single_Player</Attribute_Ref>
					<Attribute_Ref>Cell_Phone</Attribute_Ref>
					<Attribute_Ref>Display</Attribute_Ref>
				</Intent>
				<UpperCovers>
					<Concept_Ref>Concept_Rafat_example_14</Concept_Ref>
					<Concept_Ref>Concept_Rafat_example_13</Concept_Ref>
					<Concept_Ref>Concept_Rafat_example_27</Concept_Ref>
				</UpperCovers>
			</Concept>
			<Concept>
				<ID>Concept_Rafat_example_13</ID>
				<Extent>
					<Object_Ref>Product-10</Object_Ref>
					<Object_Ref>Product-11</Object_Ref>
					<Object_Ref>Product-13</Object_Ref>
				</Extent>
				<Intent>
					<Attribute_Ref>Accu_Cell</Attribute_Ref>
					<Attribute_Ref>Artificial_Opponnent</Attribute_Ref>
					<Attribute_Ref>Medium</Attribute_Ref>
					<Attribute_Ref>Games</Attribute_Ref>
					<Attribute_Ref>Single_Player</Attribute_Ref>
					<Attribute_Ref>Cell_Phone</Attribute_Ref>
					<Attribute_Ref>Display</Attribute_Ref>
				</Intent>
				<UpperCovers>
					<Concept_Ref>Concept_Rafat_example_19</Concept_Ref>
					<Concept_Ref>Concept_Rafat_example_34</Concept_Ref>
				</UpperCovers>
			</Concept>
			<Concept>
				<ID>Concept_Rafat_example_1</ID>
				<Extent>
					<Object_Ref>Product-16</Object_Ref>
				</Extent>
				<Intent>
					<Attribute_Ref>Wireless</Attribute_Ref>
					<Attribute_Ref>Accu_Cell</Attribute_Ref>
					<Attribute_Ref>Infrared</Attribute_Ref>
					<Attribute_Ref>Artificial_Opponnent</Attribute_Ref>
					<Attribute_Ref>Games</Attribute_Ref>
					<Attribute_Ref>Single_Player</Attribute_Ref>
					<Attribute_Ref>Multi_player</Attribute_Ref>
					<Attribute_Ref>Cell_Phone</Attribute_Ref>
					<Attribute_Ref>Strong</Attribute_Ref>
					<Attribute_Ref>Bluethooth</Attribute_Ref>
					<Attribute_Ref>Display</Attribute_Ref>
				</Intent>
				<UpperCovers>
					<Concept_Ref>Concept_Rafat_example_5</Concept_Ref>
					<Concept_Ref>Concept_Rafat_example_7</Concept_Ref>
					<Concept_Ref>Concept_Rafat_example_4</Concept_Ref>
					<Concept_Ref>Concept_Rafat_example_10</Concept_Ref>
				</UpperCovers>
			</Concept>
			<Concept>
				<ID>Concept_Rafat_example_5</ID>
				<Extent>
					<Object_Ref>Product-14</Object_Ref>
					<Object_Ref>Product-16</Object_Ref>
				</Extent>
				<Intent>
					<Attribute_Ref>Wireless</Attribute_Ref>
					<Attribute_Ref>Accu_Cell</Attribute_Ref>
					<Attribute_Ref>Infrared</Attribute_Ref>
					<Attribute_Ref>Artificial_Opponnent</Attribute_Ref>
					<Attribute_Ref>Games</Attribute_Ref>
					<Attribute_Ref>Single_Player</Attribute_Ref>
					<Attribute_Ref>Multi_player</Attribute_Ref>
					<Attribute_Ref>Cell_Phone</Attribute_Ref>
					<Attribute_Ref>Strong</Attribute_Ref>
					<Attribute_Ref>Display</Attribute_Ref>
				</Intent>
				<UpperCovers>
					<Concept_Ref>Concept_Rafat_example_21</Concept_Ref>
					<Concept_Ref>Concept_Rafat_example_18</Concept_Ref>
					<Concept_Ref>Concept_Rafat_example_12</Concept_Ref>
					<Concept_Ref>Concept_Rafat_example_11</Concept_Ref>
				</UpperCovers>
			</Concept>
			<Concept>
				<ID>Concept_Rafat_example_7</ID>
				<Extent>
					<Object_Ref>Product-9</Object_Ref>
					<Object_Ref>Product-16</Object_Ref>
				</Extent>
				<Intent>
					<Attribute_Ref>Wireless</Attribute_Ref>
					<Attribute_Ref>Accu_Cell</Attribute_Ref>
					<Attribute_Ref>Infrared</Attribute_Ref>
					<Attribute_Ref>Artificial_Opponnent</Attribute_Ref>
					<Attribute_Ref>Games</Attribute_Ref>
					<Attribute_Ref>Single_Player</Attribute_Ref>
					<Attribute_Ref>Cell_Phone</Attribute_Ref>
					<Attribute_Ref>Strong</Attribute_Ref>
					<Attribute_Ref>Bluethooth</Attribute_Ref>
					<Attribute_Ref>Display</Attribute_Ref>
				</Intent>
				<UpperCovers>
					<Concept_Ref>Concept_Rafat_example_15</Concept_Ref>
					<Concept_Ref>Concept_Rafat_example_18</Concept_Ref>
					<Concept_Ref>Concept_Rafat_example_17</Concept_Ref>
				</UpperCovers>
			</Concept>
			<Concept>
				<ID>Concept_Rafat_example_18</ID>
				<Extent>
					<Object_Ref>Product-7</Object_Ref>
					<Object_Ref>Product-9</Object_Ref>
					<Object_Ref>Product-14</Object_Ref>
					<Object_Ref>Product-16</Object_Ref>
				</Extent>
				<Intent>
					<Attribute_Ref>Wireless</Attribute_Ref>
					<Attribute_Ref>Accu_Cell</Attribute_Ref>
					<Attribute_Ref>Infrared</Attribute_Ref>
					<Attribute_Ref>Artificial_Opponnent</Attribute_Ref>
					<Attribute_Ref>Games</Attribute_Ref>
					<Attribute_Ref>Single_Player</Attribute_Ref>
					<Attribute_Ref>Cell_Phone</Attribute_Ref>
					<Attribute_Ref>Strong</Attribute_Ref>
					<Attribute_Ref>Display</Attribute_Ref>
				</Intent>
				<UpperCovers>
					<Concept_Ref>Concept_Rafat_example_24</Concept_Ref>
					<Concept_Ref>Concept_Rafat_example_27</Concept_Ref>
					<Concept_Ref>Concept_Rafat_example_22</Concept_Ref>
				</UpperCovers>
			</Concept>
			<Concept>
				<ID>Concept_Rafat_example_12</ID>
				<Extent>
					<Object_Ref>Product-13</Object_Ref>
					<Object_Ref>Product-14</Object_Ref>
					<Object_Ref>Product-16</Object_Ref>
				</Extent>
				<Intent>
					<Attribute_Ref>Wireless</Attribute_Ref>
					<Attribute_Ref>Accu_Cell</Attribute_Ref>
					<Attribute_Ref>Infrared</Attribute_Ref>
					<Attribute_Ref>Artificial_Opponnent</Attribute_Ref>
					<Attribute_Ref>Games</Attribute_Ref>
					<Attribute_Ref>Single_Player</Attribute_Ref>
					<Attribute_Ref>Multi_player</Attribute_Ref>
					<Attribute_Ref>Cell_Phone</Attribute_Ref>
					<Attribute_Ref>Display</Attribute_Ref>
				</Intent>
				<UpperCovers>
					<Concept_Ref>Concept_Rafat_example_25</Concept_Ref>
					<Concept_Ref>Concept_Rafat_example_27</Concept_Ref>
					<Concept_Ref>Concept_Rafat_example_16</Concept_Ref>
				</UpperCovers>
			</Concept>
			<Concept>
				<ID>Concept_Rafat_example_27</ID>
				<Extent>
					<Object_Ref>Product-7</Object_Ref>
					<Object_Ref>Product-9</Object_Ref>
					<Object_Ref>Product-11</Object_Ref>
					<Object_Ref>Product-12</Object_Ref>
					<Object_Ref>Product-13</Object_Ref>
					<Object_Ref>Product-14</Object_Ref>
					<Object_Ref>Product-16</Object_Ref>
				</Extent>
				<Intent>
					<Attribute_Ref>Wireless</Attribute_Ref>
					<Attribute_Ref>Accu_Cell</Attribute_Ref>
					<Attribute_Ref>Infrared</Attribute_Ref>
					<Attribute_Ref>Artificial_Opponnent</Attribute_Ref>
					<Attribute_Ref>Games</Attribute_Ref>
					<Attribute_Ref>Single_Player</Attribute_Ref>
					<Attribute_Ref>Cell_Phone</Attribute_Ref>
					<Attribute_Ref>Display</Attribute_Ref>
				</Intent>
				<UpperCovers>
					<Concept_Ref>Concept_Rafat_example_32</Concept_Ref>
					<Concept_Ref>Concept_Rafat_example_30</Concept_Ref>
				</UpperCovers>
			</Concept>
			<Concept>
				<ID>Concept_Rafat_example_4</ID>
				<Extent>
					<Object_Ref>Product-15</Object_Ref>
					<Object_Ref>Product-16</Object_Ref>
				</Extent>
				<Intent>
					<Attribute_Ref>Wireless</Attribute_Ref>
					<Attribute_Ref>Accu_Cell</Attribute_Ref>
					<Attribute_Ref>Artificial_Opponnent</Attribute_Ref>
					<Attribute_Ref>Games</Attribute_Ref>
					<Attribute_Ref>Single_Player</Attribute_Ref>
					<Attribute_Ref>Multi_player</Attribute_Ref>
					<Attribute_Ref>Cell_Phone</Attribute_Ref>
					<Attribute_Ref>Strong</Attribute_Ref>
					<Attribute_Ref>Bluethooth</Attribute_Ref>
					<Attribute_Ref>Display</Attribute_Ref>
				</Intent>
				<UpperCovers>
					<Concept_Ref>Concept_Rafat_example_20</Concept_Ref>
					<Concept_Ref>Concept_Rafat_example_17</Concept_Ref>
					<Concept_Ref>Concept_Rafat_example_11</Concept_Ref>
				</UpperCovers>
			</Concept>
			<Concept>
				<ID>Concept_Rafat_example_17</ID>
				<Extent>
					<Object_Ref>Product-8</Object_Ref>
					<Object_Ref>Product-9</Object_Ref>
					<Object_Ref>Product-15</Object_Ref>
					<Object_Ref>Product-16</Object_Ref>
				</Extent>
				<Intent>
					<Attribute_Ref>Wireless</Attribute_Ref>
					<Attribute_Ref>Accu_Cell</Attribute_Ref>
					<Attribute_Ref>Artificial_Opponnent</Attribute_Ref>
					<Attribute_Ref>Games</Attribute_Ref>
					<Attribute_Ref>Single_Player</Attribute_Ref>
					<Attribute_Ref>Cell_Phone</Attribute_Ref>
					<Attribute_Ref>Strong</Attribute_Ref>
					<Attribute_Ref>Bluethooth</Attribute_Ref>
					<Attribute_Ref>Display</Attribute_Ref>
				</Intent>
				<UpperCovers>
					<Concept_Ref>Concept_Rafat_example_23</Concept_Ref>
					<Concept_Ref>Concept_Rafat_example_22</Concept_Ref>
				</UpperCovers>
			</Concept>
			<Concept>
				<ID>Concept_Rafat_example_11</ID>
				<Extent>
					<Object_Ref>Product-14</Object_Ref>
					<Object_Ref>Product-15</Object_Ref>
					<Object_Ref>Product-16</Object_Ref>
				</Extent>
				<Intent>
					<Attribute_Ref>Wireless</Attribute_Ref>
					<Attribute_Ref>Accu_Cell</Attribute_Ref>
					<Attribute_Ref>Artificial_Opponnent</Attribute_Ref>
					<Attribute_Ref>Games</Attribute_Ref>
					<Attribute_Ref>Single_Player</Attribute_Ref>
					<Attribute_Ref>Multi_player</Attribute_Ref>
					<Attribute_Ref>Cell_Phone</Attribute_Ref>
					<Attribute_Ref>Strong</Attribute_Ref>
					<Attribute_Ref>Display</Attribute_Ref>
				</Intent>
				<UpperCovers>
					<Concept_Ref>Concept_Rafat_example_26</Concept_Ref>
					<Concept_Ref>Concept_Rafat_example_22</Concept_Ref>
					<Concept_Ref>Concept_Rafat_example_16</Concept_Ref>
				</UpperCovers>
			</Concept>
			<Concept>
				<ID>Concept_Rafat_example_22</ID>
				<Extent>
					<Object_Ref>Product-7</Object_Ref>
					<Object_Ref>Product-8</Object_Ref>
					<Object_Ref>Product-9</Object_Ref>
					<Object_Ref>Product-14</Object_Ref>
					<Object_Ref>Product-15</Object_Ref>
					<Object_Ref>Product-16</Object_Ref>
				</Extent>
				<Intent>
					<Attribute_Ref>Wireless</Attribute_Ref>
					<Attribute_Ref>Accu_Cell</Attribute_Ref>
					<Attribute_Ref>Artificial_Opponnent</Attribute_Ref>
					<Attribute_Ref>Games</Attribute_Ref>
					<Attribute_Ref>Single_Player</Attribute_Ref>
					<Attribute_Ref>Cell_Phone</Attribute_Ref>
					<Attribute_Ref>Strong</Attribute_Ref>
					<Attribute_Ref>Display</Attribute_Ref>
				</Intent>
				<UpperCovers>
					<Concept_Ref>Concept_Rafat_example_31</Concept_Ref>
					<Concept_Ref>Concept_Rafat_example_30</Concept_Ref>
					<Concept_Ref>Concept_Rafat_example_28</Concept_Ref>
				</UpperCovers>
			</Concept>
			<Concept>
				<ID>Concept_Rafat_example_16</ID>
				<Extent>
					<Object_Ref>Product-13</Object_Ref>
					<Object_Ref>Product-14</Object_Ref>
					<Object_Ref>Product-15</Object_Ref>
					<Object_Ref>Product-16</Object_Ref>
				</Extent>
				<Intent>
					<Attribute_Ref>Wireless</Attribute_Ref>
					<Attribute_Ref>Accu_Cell</Attribute_Ref>
					<Attribute_Ref>Artificial_Opponnent</Attribute_Ref>
					<Attribute_Ref>Games</Attribute_Ref>
					<Attribute_Ref>Single_Player</Attribute_Ref>
					<Attribute_Ref>Multi_player</Attribute_Ref>
					<Attribute_Ref>Cell_Phone</Attribute_Ref>
					<Attribute_Ref>Display</Attribute_Ref>
				</Intent>
				<UpperCovers>
					<Concept_Ref>Concept_Rafat_example_29</Concept_Ref>
					<Concept_Ref>Concept_Rafat_example_30</Concept_Ref>
				</UpperCovers>
			</Concept>
			<Concept>
				<ID>Concept_Rafat_example_30</ID>
				<Extent>
					<Object_Ref>Product-7</Object_Ref>
					<Object_Ref>Product-8</Object_Ref>
					<Object_Ref>Product-9</Object_Ref>
					<Object_Ref>Product-11</Object_Ref>
					<Object_Ref>Product-12</Object_Ref>
					<Object_Ref>Product-13</Object_Ref>
					<Object_Ref>Product-14</Object_Ref>
					<Object_Ref>Product-15</Object_Ref>
					<Object_Ref>Product-16</Object_Ref>
				</Extent>
				<Intent>
					<Attribute_Ref>Wireless</Attribute_Ref>
					<Attribute_Ref>Accu_Cell</Attribute_Ref>
					<Attribute_Ref>Artificial_Opponnent</Attribute_Ref>
					<Attribute_Ref>Games</Attribute_Ref>
					<Attribute_Ref>Single_Player</Attribute_Ref>
					<Attribute_Ref>Cell_Phone</Attribute_Ref>
					<Attribute_Ref>Display</Attribute_Ref>
				</Intent>
				<UpperCovers>
					<Concept_Ref>Concept_Rafat_example_35</Concept_Ref>
					<Concept_Ref>Concept_Rafat_example_34</Concept_Ref>
				</UpperCovers>
			</Concept>
			<Concept>
				<ID>Concept_Rafat_example_28</ID>
				<Extent>
					<Object_Ref>Product-6</Object_Ref>
					<Object_Ref>Product-7</Object_Ref>
					<Object_Ref>Product-8</Object_Ref>
					<Object_Ref>Product-9</Object_Ref>
					<Object_Ref>Product-14</Object_Ref>
					<Object_Ref>Product-15</Object_Ref>
					<Object_Ref>Product-16</Object_Ref>
				</Extent>
				<Intent>
					<Attribute_Ref>Accu_Cell</Attribute_Ref>
					<Attribute_Ref>Artificial_Opponnent</Attribute_Ref>
					<Attribute_Ref>Games</Attribute_Ref>
					<Attribute_Ref>Single_Player</Attribute_Ref>
					<Attribute_Ref>Cell_Phone</Attribute_Ref>
					<Attribute_Ref>Strong</Attribute_Ref>
					<Attribute_Ref>Display</Attribute_Ref>
				</Intent>
				<UpperCovers>
					<Concept_Ref>Concept_Rafat_example_33</Concept_Ref>
					<Concept_Ref>Concept_Rafat_example_34</Concept_Ref>
				</UpperCovers>
			</Concept>
			<Concept>
				<ID>Concept_Rafat_example_34</ID>
				<Extent>
					<Object_Ref>Product-5</Object_Ref>
					<Object_Ref>Product-6</Object_Ref>
					<Object_Ref>Product-7</Object_Ref>
					<Object_Ref>Product-8</Object_Ref>
					<Object_Ref>Product-9</Object_Ref>
					<Object_Ref>Product-10</Object_Ref>
					<Object_Ref>Product-11</Object_Ref>
					<Object_Ref>Product-12</Object_Ref>
					<Object_Ref>Product-13</Object_Ref>
					<Object_Ref>Product-14</Object_Ref>
					<Object_Ref>Product-15</Object_Ref>
					<Object_Ref>Product-16</Object_Ref>
				</Extent>
				<Intent>
					<Attribute_Ref>Accu_Cell</Attribute_Ref>
					<Attribute_Ref>Artificial_Opponnent</Attribute_Ref>
					<Attribute_Ref>Games</Attribute_Ref>
					<Attribute_Ref>Single_Player</Attribute_Ref>
					<Attribute_Ref>Cell_Phone</Attribute_Ref>
					<Attribute_Ref>Display</Attribute_Ref>
				</Intent>
				<UpperCovers>
					<Concept_Ref>Concept_Rafat_example_36</Concept_Ref>
				</UpperCovers>
			</Concept>
		</Lattice>
	</Step >
	<Step nb="1">
		<Lattice numberObj="16" numberAtt="13" numberCpt="37" >
			<Config algo="fca">
			</Config>
			<Name>Rafat_example</Name>
			<Object>Product-1</Object>
			<Object>Product-2</Object>
			<Object>Product-3</Object>
			<Object>Product-4</Object>
			<Object>Product-5</Object>
			<Object>Product-6</Object>
			<Object>Product-7</Object>
			<Object>Product-8</Object>
			<Object>Product-9</Object>
			<Object>Product-10</Object>
			<Object>Product-11</Object>
			<Object>Product-12</Object>
			<Object>Product-13</Object>
			<Object>Product-14</Object>
			<Object>Product-15</Object>
			<Object>Product-16</Object>
			<Attribute>Cell_Phone</Attribute>
			<Attribute>Wireless</Attribute>
			<Attribute>Infrared</Attribute>
			<Attribute>Bluethooth</Attribute>
			<Attribute>Accu_Cell</Attribute>
			<Attribute>Strong</Attribute>
			<Attribute>Medium</Attribute>
			<Attribute>Weak</Attribute>
			<Attribute>Display</Attribute>
			<Attribute>Games</Attribute>
			<Attribute>Multi_player</Attribute>
			<Attribute>Single_Player</Attribute>
			<Attribute>Artificial_Opponnent</Attribute>
			<Concept>
				<ID>Concept_Rafat_example_36</ID>
				<Extent>
					<Object_Ref>Product-1</Object_Ref>
					<Object_Ref>Product-2</Object_Ref>
					<Object_Ref>Product-3</Object_Ref>
					<Object_Ref>Product-4</Object_Ref>
					<Object_Ref>Product-5</Object_Ref>
					<Object_Ref>Product-6</Object_Ref>
					<Object_Ref>Product-7</Object_Ref>
					<Object_Ref>Product-8</Object_Ref>
					<Object_Ref>Product-9</Object_Ref>
					<Object_Ref>Product-10</Object_Ref>
					<Object_Ref>Product-11</Object_Ref>
					<Object_Ref>Product-12</Object_Ref>
					<Object_Ref>Product-13</Object_Ref>
					<Object_Ref>Product-14</Object_Ref>
					<Object_Ref>Product-15</Object_Ref>
					<Object_Ref>Product-16</Object_Ref>
				</Extent>
				<Intent>
					<Attribute_Ref>Accu_Cell</Attribute_Ref>
					<Attribute_Ref>Games</Attribute_Ref>
					<Attribute_Ref>Cell_Phone</Attribute_Ref>
					<Attribute_Ref>Display</Attribute_Ref>
				</Intent>
				<UpperCovers>
				</UpperCovers>
			</Concept>
			<Concept>
				<ID>Concept_Rafat_example_35</ID>
				<Extent>
					<Object_Ref>Product-1</Object_Ref>
					<Object_Ref>Product-2</Object_Ref>
					<Object_Ref>Product-3</Object_Ref>
					<Object_Ref>Product-4</Object_Ref>
					<Object_Ref>Product-7</Object_Ref>
					<Object_Ref>Product-8</Object_Ref>
					<Object_Ref>Product-9</Object_Ref>
					<Object_Ref>Product-11</Object_Ref>
					<Object_Ref>Product-12</Object_Ref>
					<Object_Ref>Product-13</Object_Ref>
					<Object_Ref>Product-14</Object_Ref>
					<Object_Ref>Product-15</Object_Ref>
					<Object_Ref>Product-16</Object_Ref>
				</Extent>
				<Intent>
					<Attribute_Ref>Wireless</Attribute_Ref>
					<Attribute_Ref>Accu_Cell</Attribute_Ref>
					<Attribute_Ref>Games</Attribute_Ref>
					<Attribute_Ref>Cell_Phone</Attribute_Ref>
					<Attribute_Ref>Display</Attribute_Ref>
				</Intent>
				<UpperCovers>
					<Concept_Ref>Concept_Rafat_example_36</Concept_Ref>
				</UpperCovers>
			</Concept>
			<Concept>
				<ID>Concept_Rafat_example_32</ID>
				<Extent>
					<Object_Ref>Product-1</Object_Ref>
					<Object_Ref>Product-3</Object_Ref>
					<Object_Ref>Product-4</Object_Ref>
					<Object_Ref>Product-7</Object_Ref>
					<Object_Ref>Product-9</Object_Ref>
					<Object_Ref>Product-11</Object_Ref>
					<Object_Ref>Product-12</Object_Ref>
					<Object_Ref>Product-13</Object_Ref>
					<Object_Ref>Product-14</Object_Ref>
					<Object_Ref>Product-16</Object_Ref>
				</Extent>
				<Intent>
					<Attribute_Ref>Wireless</Attribute_Ref>
					<Attribute_Ref>Accu_Cell</Attribute_Ref>
					<Attribute_Ref>Infrared</Attribute_Ref>
					<Attribute_Ref>Games</Attribute_Ref>
					<Attribute_Ref>Cell_Phone</Attribute_Ref>
					<Attribute_Ref>Display</Attribute_Ref>
				</Intent>
				<UpperCovers>
					<Concept_Ref>Concept_Rafat_example_35</Concept_Ref>
				</UpperCovers>
			</Concept>
			<Concept>
				<ID>Concept_Rafat_example_15</ID>
				<Extent>
					<Object_Ref>Product-3</Object_Ref>
					<Object_Ref>Product-9</Object_Ref>
					<Object_Ref>Product-16</Object_Ref>
				</Extent>
				<Intent>
					<Attribute_Ref>Wireless</Attribute_Ref>
					<Attribute_Ref>Accu_Cell</Attribute_Ref>
					<Attribute_Ref>Infrared</Attribute_Ref>
					<Attribute_Ref>Games</Attribute_Ref>
					<Attribute_Ref>Cell_Phone</Attribute_Ref>
					<Attribute_Ref>Strong</Attribute_Ref>
					<Attribute_Ref>Bluethooth</Attribute_Ref>
					<Attribute_Ref>Display</Attribute_Ref>
				</Intent>
				<UpperCovers>
					<Concept_Ref>Concept_Rafat_example_24</Concept_Ref>
					<Concept_Ref>Concept_Rafat_example_23</Concept_Ref>
				</UpperCovers>
			</Concept>
			<Concept>
				<ID>Concept_Rafat_example_23</ID>
				<Extent>
					<Object_Ref>Product-2</Object_Ref>
					<Object_Ref>Product-3</Object_Ref>
					<Object_Ref>Product-8</Object_Ref>
					<Object_Ref>Product-9</Object_Ref>
					<Object_Ref>Product-15</Object_Ref>
					<Object_Ref>Product-16</Object_Ref>
				</Extent>
				<Intent>
					<Attribute_Ref>Wireless</Attribute_Ref>
					<Attribute_Ref>Accu_Cell</Attribute_Ref>
					<Attribute_Ref>Games</Attribute_Ref>
					<Attribute_Ref>Cell_Phone</Attribute_Ref>
					<Attribute_Ref>Strong</Attribute_Ref>
					<Attribute_Ref>Bluethooth</Attribute_Ref>
					<Attribute_Ref>Display</Attribute_Ref>
				</Intent>
				<UpperCovers>
					<Concept_Ref>Concept_Rafat_example_31</Concept_Ref>
				</UpperCovers>
			</Concept>
			<Concept>
				<ID>Concept_Rafat_example_24</ID>
				<Extent>
					<Object_Ref>Product-1</Object_Ref>
					<Object_Ref>Product-3</Object_Ref>
					<Object_Ref>Product-7</Object_Ref>
					<Object_Ref>Product-9</Object_Ref>
					<Object_Ref>Product-14</Object_Ref>
					<Object_Ref>Product-16</Object_Ref>
				</Extent>
				<Intent>
					<Attribute_Ref>Wireless</Attribute_Ref>
					<Attribute_Ref>Accu_Cell</Attribute_Ref>
					<Attribute_Ref>Infrared</Attribute_Ref>
					<Attribute_Ref>Games</Attribute_Ref>
					<Attribute_Ref>Cell_Phone</Attribute_Ref>
					<Attribute_Ref>Strong</Attribute_Ref>
					<Attribute_Ref>Display</Attribute_Ref>
				</Intent>
				<UpperCovers>
					<Concept_Ref>Concept_Rafat_example_32</Concept_Ref>
					<Concept_Ref>Concept_Rafat_example_31</Concept_Ref>
				</UpperCovers>
			</Concept>
			<Concept>
				<ID>Concept_Rafat_example_31</ID>
				<Extent>
					<Object_Ref>Product-1</Object_Ref>
					<Object_Ref>Product-2</Object_Ref>
					<Object_Ref>Product-3</Object_Ref>
					<Object_Ref>Product-7</Object_Ref>
					<Object_Ref>Product-8</Object_Ref>
					<Object_Ref>Product-9</Object_Ref>
					<Object_Ref>Product-14</Object_Ref>
					<Object_Ref>Product-15</Object_Ref>
					<Object_Ref>Product-16</Object_Ref>
				</Extent>
				<Intent>
					<Attribute_Ref>Wireless</Attribute_Ref>
					<Attribute_Ref>Accu_Cell</Attribute_Ref>
					<Attribute_Ref>Games</Attribute_Ref>
					<Attribute_Ref>Cell_Phone</Attribute_Ref>
					<Attribute_Ref>Strong</Attribute_Ref>
					<Attribute_Ref>Display</Attribute_Ref>
				</Intent>
				<UpperCovers>
					<Concept_Ref>Concept_Rafat_example_35</Concept_Ref>
					<Concept_Ref>Concept_Rafat_example_33</Concept_Ref>
				</UpperCovers>
			</Concept>
			<Concept>
				<ID>Concept_Rafat_example_33</ID>
				<Extent>
					<Object_Ref>Product-1</Object_Ref>
					<Object_Ref>Product-2</Object_Ref>
					<Object_Ref>Product-3</Object_Ref>
					<Object_Ref>Product-6</Object_Ref>
					<Object_Ref>Product-7</Object_Ref>
					<Object_Ref>Product-8</Object_Ref>
					<Object_Ref>Product-9</Object_Ref>
					<Object_Ref>Product-14</Object_Ref>
					<Object_Ref>Product-15</Object_Ref>
					<Object_Ref>Product-16</Object_Ref>
				</Extent>
				<Intent>
					<Attribute_Ref>Accu_Cell</Attribute_Ref>
					<Attribute_Ref>Games</Attribute_Ref>
					<Attribute_Ref>Cell_Phone</Attribute_Ref>
					<Attribute_Ref>Strong</Attribute_Ref>
					<Attribute_Ref>Display</Attribute_Ref>
				</Intent>
				<UpperCovers>
					<Concept_Ref>Concept_Rafat_example_36</Concept_Ref>
				</UpperCovers>
			</Concept>
			<Concept>
				<ID>Concept_Rafat_example_0</ID>
				<Extent>
				</Extent>
				<Intent>
					<Attribute_Ref>Wireless</Attribute_Ref>
					<Attribute_Ref>Infrared</Attribute_Ref>
					<Attribute_Ref>Single_Player</Attribute_Ref>
					<Attribute_Ref>Strong</Attribute_Ref>
					<Attribute_Ref>Bluethooth</Attribute_Ref>
					<Attribute_Ref>Weak</Attribute_Ref>
					<Attribute_Ref>Accu_Cell</Attribute_Ref>
					<Attribute_Ref>Artificial_Opponnent</Attribute_Ref>
					<Attribute_Ref>Medium</Attribute_Ref>
					<Attribute_Ref>Games</Attribute_Ref>
					<Attribute_Ref>Multi_player</Attribute_Ref>
					<Attribute_Ref>Cell_Phone</Attribute_Ref>
					<Attribute_Ref>Display</Attribute_Ref>
				</Intent>
				<UpperCovers>
					<Concept_Ref>Concept_Rafat_example_3</Concept_Ref>
					<Concept_Ref>Concept_Rafat_example_2</Concept_Ref>
					<Concept_Ref>Concept_Rafat_example_1</Concept_Ref>
				</UpperCovers>
			</Concept>
			<Concept>
				<ID>Concept_Rafat_example_14</ID>
				<Extent>
					<Object_Ref>Product-4</Object_Ref>
					<Object_Ref>Product-11</Object_Ref>
					<Object_Ref>Product-13</Object_Ref>
				</Extent>
				<Intent>
					<Attribute_Ref>Wireless</Attribute_Ref>
					<Attribute_Ref>Accu_Cell</Attribute_Ref>
					<Attribute_Ref>Infrared</Attribute_Ref>
					<Attribute_Ref>Medium</Attribute_Ref>
					<Attribute_Ref>Games</Attribute_Ref>
					<Attribute_Ref>Cell_Phone</Attribute_Ref>
					<Attribute_Ref>Display</Attribute_Ref>
				</Intent>
				<UpperCovers>
					<Concept_Ref>Concept_Rafat_example_32</Concept_Ref>
					<Concept_Ref>Concept_Rafat_example_19</Concept_Ref>
				</UpperCovers>
			</Concept>
			<Concept>
				<ID>Concept_Rafat_example_19</ID>
				<Extent>
					<Object_Ref>Product-4</Object_Ref>
					<Object_Ref>Product-10</Object_Ref>
					<Object_Ref>Product-11</Object_Ref>
					<Object_Ref>Product-13</Object_Ref>
				</Extent>
				<Intent>
					<Attribute_Ref>Accu_Cell</Attribute_Ref>
					<Attribute_Ref>Medium</Attribute_Ref>
					<Attribute_Ref>Games</Attribute_Ref>
					<Attribute_Ref>Cell_Phone</Attribute_Ref>
					<Attribute_Ref>Display</Attribute_Ref>
				</Intent>
				<UpperCovers>
					<Concept_Ref>Concept_Rafat_example_36</Concept_Ref>
				</UpperCovers>
			</Concept>
			<Concept>
				<ID>Concept_Rafat_example_3</ID>
				<Extent>
					<Object_Ref>Product-12</Object_Ref>
				</Extent>
				<Intent>
					<Attribute_Ref>Wireless</Attribute_Ref>
					<Attribute_Ref>Weak</Attribute_Ref>
					<Attribute_Ref>Accu_Cell</Attribute_Ref>
					<Attribute_Ref>Infrared</Attribute_Ref>
					<Attribute_Ref>Artificial_Opponnent</Attribute_Ref>
					<Attribute_Ref>Games</Attribute_Ref>
					<Attribute_Ref>Single_Player</Attribute_Ref>
					<Attribute_Ref>Cell_Phone</Attribute_Ref>
					<Attribute_Ref>Display</Attribute_Ref>
				</Intent>
				<UpperCovers>
					<Concept_Ref>Concept_Rafat_example_8</Concept_Ref>
					<Concept_Ref>Concept_Rafat_example_27</Concept_Ref>
				</UpperCovers>
			</Concept>
			<Concept>
				<ID>Concept_Rafat_example_8</ID>
				<Extent>
					<Object_Ref>Product-5</Object_Ref>
					<Object_Ref>Product-12</Object_Ref>
				</Extent>
				<Intent>
					<Attribute_Ref>Weak</Attribute_Ref>
					<Attribute_Ref>Accu_Cell</Attribute_Ref>
					<Attribute_Ref>Artificial_Opponnent</Attribute_Ref>
					<Attribute_Ref>Games</Attribute_Ref>
					<Attribute_Ref>Single_Player</Attribute_Ref>
					<Attribute_Ref>Cell_Phone</Attribute_Ref>
					<Attribute_Ref>Display</Attribute_Ref>
				</Intent>
				<UpperCovers>
					<Concept_Ref>Concept_Rafat_example_34</Concept_Ref>
				</UpperCovers>
			</Concept>
			<Concept>
				<ID>Concept_Rafat_example_10</ID>
				<Extent>
					<Object_Ref>Product-3</Object_Ref>
					<Object_Ref>Product-16</Object_Ref>
				</Extent>
				<Intent>
					<Attribute_Ref>Wireless</Attribute_Ref>
					<Attribute_Ref>Accu_Cell</Attribute_Ref>
					<Attribute_Ref>Infrared</Attribute_Ref>
					<Attribute_Ref>Games</Attribute_Ref>
					<Attribute_Ref>Multi_player</Attribute_Ref>
					<Attribute_Ref>Cell_Phone</Attribute_Ref>
					<Attribute_Ref>Strong</Attribute_Ref>
					<Attribute_Ref>Bluethooth</Attribute_Ref>
					<Attribute_Ref>Display</Attribute_Ref>
				</Intent>
				<UpperCovers>
					<Concept_Ref>Concept_Rafat_example_21</Concept_Ref>
					<Concept_Ref>Concept_Rafat_example_20</Concept_Ref>
					<Concept_Ref>Concept_Rafat_example_15</Concept_Ref>
				</UpperCovers>
			</Concept>
			<Concept>
				<ID>Concept_Rafat_example_21</ID>
				<Extent>
					<Object_Ref>Product-1</Object_Ref>
					<Object_Ref>Product-3</Object_Ref>
					<Object_Ref>Product-14</Object_Ref>
					<Object_Ref>Product-16</Object_Ref>
				</Extent>
				<Intent>
					<Attribute_Ref>Wireless</Attribute_Ref>
					<Attribute_Ref>Accu_Cell</Attribute_Ref>
					<Attribute_Ref>Infrared</Attribute_Ref>
					<Attribute_Ref>Games</Attribute_Ref>
					<Attribute_Ref>Multi_player</Attribute_Ref>
					<Attribute_Ref>Cell_Phone</Attribute_Ref>
					<Attribute_Ref>Strong</Attribute_Ref>
					<Attribute_Ref>Display</Attribute_Ref>
				</Intent>
				<UpperCovers>
					<Concept_Ref>Concept_Rafat_example_24</Concept_Ref>
					<Concept_Ref>Concept_Rafat_example_25</Concept_Ref>
					<Concept_Ref>Concept_Rafat_example_26</Concept_Ref>
				</UpperCovers>
			</Concept>
			<Concept>
				<ID>Concept_Rafat_example_9</ID>
				<Extent>
					<Object_Ref>Product-4</Object_Ref>
					<Object_Ref>Product-13</Object_Ref>
				</Extent>
				<Intent>
					<Attribute_Ref>Wireless</Attribute_Ref>
					<Attribute_Ref>Accu_Cell</Attribute_Ref>
					<Attribute_Ref>Infrared</Attribute_Ref>
					<Attribute_Ref>Medium</Attribute_Ref>
					<Attribute_Ref>Games</Attribute_Ref>
					<Attribute_Ref>Multi_player</Attribute_Ref>
					<Attribute_Ref>Cell_Phone</Attribute_Ref>
					<Attribute_Ref>Display</Attribute_Ref>
				</Intent>
				<UpperCovers>
					<Concept_Ref>Concept_Rafat_example_25</Concept_Ref>
					<Concept_Ref>Concept_Rafat_example_14</Concept_Ref>
				</UpperCovers>
			</Concept>
			<Concept>
				<ID>Concept_Rafat_example_25</ID>
				<Extent>
					<Object_Ref>Product-1</Object_Ref>
					<Object_Ref>Product-3</Object_Ref>
					<Object_Ref>Product-4</Object_Ref>
					<Object_Ref>Product-13</Object_Ref>
					<Object_Ref>Product-14</Object_Ref>
					<Object_Ref>Product-16</Object_Ref>
				</Extent>
				<Intent>
					<Attribute_Ref>Wireless</Attribute_Ref>
					<Attribute_Ref>Accu_Cell</Attribute_Ref>
					<Attribute_Ref>Infrared</Attribute_Ref>
					<Attribute_Ref>Games</Attribute_Ref>
					<Attribute_Ref>Multi_player</Attribute_Ref>
					<Attribute_Ref>Cell_Phone</Attribute_Ref>
					<Attribute_Ref>Display</Attribute_Ref>
				</Intent>
				<UpperCovers>
					<Concept_Ref>Concept_Rafat_example_32</Concept_Ref>
					<Concept_Ref>Concept_Rafat_example_29</Concept_Ref>
				</UpperCovers>
			</Concept>
			<Concept>
				<ID>Concept_Rafat_example_20</ID>
				<Extent>
					<Object_Ref>Product-2</Object_Ref>
					<Object_Ref>Product-3</Object_Ref>
					<Object_Ref>Product-15</Object_Ref>
					<Object_Ref>Product-16</Object_Ref>
				</Extent>
				<Intent>
					<Attribute_Ref>Wireless</Attribute_Ref>
					<Attribute_Ref>Accu_Cell</Attribute_Ref>
					<Attribute_Ref>Games</Attribute_Ref>
					<Attribute_Ref>Multi_player</Attribute_Ref>
					<Attribute_Ref>Cell_Phone</Attribute_Ref>
					<Attribute_Ref>Strong</Attribute_Ref>
					<Attribute_Ref>Bluethooth</Attribute_Ref>
					<Attribute_Ref>Display</Attribute_Ref>
				</Intent>
				<UpperCovers>
					<Concept_Ref>Concept_Rafat_example_23</Concept_Ref>
					<Concept_Ref>Concept_Rafat_example_26</Concept_Ref>
				</UpperCovers>
			</Concept>
			<Concept>
				<ID>Concept_Rafat_example_26</ID>
				<Extent>
					<Object_Ref>Product-1</Object_Ref>
					<Object_Ref>Product-2</Object_Ref>
					<Object_Ref>Product-3</Object_Ref>
					<Object_Ref>Product-14</Object_Ref>
					<Object_Ref>Product-15</Object_Ref>
					<Object_Ref>Product-16</Object_Ref>
				</Extent>
				<Intent>
					<Attribute_Ref>Wireless</Attribute_Ref>
					<Attribute_Ref>Accu_Cell</Attribute_Ref>
					<Attribute_Ref>Games</Attribute_Ref>
					<Attribute_Ref>Multi_player</Attribute_Ref>
					<Attribute_Ref>Cell_Phone</Attribute_Ref>
					<Attribute_Ref>Strong</Attribute_Ref>
					<Attribute_Ref>Display</Attribute_Ref>
				</Intent>
				<UpperCovers>
					<Concept_Ref>Concept_Rafat_example_31</Concept_Ref>
					<Concept_Ref>Concept_Rafat_example_29</Concept_Ref>
				</UpperCovers>
			</Concept>
			<Concept>
				<ID>Concept_Rafat_example_29</ID>
				<Extent>
					<Object_Ref>Product-1</Object_Ref>
					<Object_Ref>Product-2</Object_Ref>
					<Object_Ref>Product-3</Object_Ref>
					<Object_Ref>Product-4</Object_Ref>
					<Object_Ref>Product-13</Object_Ref>
					<Object_Ref>Product-14</Object_Ref>
					<Object_Ref>Product-15</Object_Ref>
					<Object_Ref>Product-16</Object_Ref>
				</Extent>
				<Intent>
					<Attribute_Ref>Wireless</Attribute_Ref>
					<Attribute_Ref>Accu_Cell</Attribute_Ref>
					<Attribute_Ref>Games</Attribute_Ref>
					<Attribute_Ref>Multi_player</Attribute_Ref>
					<Attribute_Ref>Cell_Phone</Attribute_Ref>
					<Attribute_Ref>Display</Attribute_Ref>
				</Intent>
				<UpperCovers>
					<Concept_Ref>Concept_Rafat_example_35</Concept_Ref>
				</UpperCovers>
			</Concept>
			<Concept>
				<ID>Concept_Rafat_example_2</ID>
				<Extent>
					<Object_Ref>Product-13</Object_Ref>
				</Extent>
				<Intent>
					<Attribute_Ref>Wireless</Attribute_Ref>
					<Attribute_Ref>Accu_Cell</Attribute_Ref>
					<Attribute_Ref>Infrared</Attribute_Ref>
					<Attribute_Ref>Artificial_Opponnent</Attribute_Ref>
					<Attribute_Ref>Medium</Attribute_Ref>
					<Attribute_Ref>Games</Attribute_Ref>
					<Attribute_Ref>Single_Player</Attribute_Ref>
					<Attribute_Ref>Multi_player</Attribute_Ref>
					<Attribute_Ref>Cell_Phone</Attribute_Ref>
					<Attribute_Ref>Display</Attribute_Ref>
				</Intent>
				<UpperCovers>
					<Concept_Ref>Concept_Rafat_example_9</Concept_Ref>
					<Concept_Ref>Concept_Rafat_example_6</Concept_Ref>
					<Concept_Ref>Concept_Rafat_example_12</Concept_Ref>
				</UpperCovers>
			</Concept>
			<Concept>
				<ID>Concept_Rafat_example_6</ID>
				<Extent>
					<Object_Ref>Product-11</Object_Ref>
					<Object_Ref>Product-13</Object_Ref>
				</Extent>
				<Intent>
					<Attribute_Ref>Wireless</Attribute_Ref>
					<Attribute_Ref>Accu_Cell</Attribute_Ref>
					<Attribute_Ref>Infrared</Attribute_Ref>
					<Attribute_Ref>Artificial_Opponnent</Attribute_Ref>
					<Attribute_Ref>Medium</Attribute_Ref>
					<Attribute_Ref>Games</Attribute_Ref>
					<Attribute_Ref>Single_Player</Attribute_Ref>
					<Attribute_Ref>Cell_Phone</Attribute_Ref>
					<Attribute_Ref>Display</Attribute_Ref>
				</Intent>
				<UpperCovers>
					<Concept_Ref>Concept_Rafat_example_14</Concept_Ref>
					<Concept_Ref>Concept_Rafat_example_13</Concept_Ref>
					<Concept_Ref>Concept_Rafat_example_27</Concept_Ref>
				</UpperCovers>
			</Concept>
			<Concept>
				<ID>Concept_Rafat_example_13</ID>
				<Extent>
					<Object_Ref>Product-10</Object_Ref>
					<Object_Ref>Product-11</Object_Ref>
					<Object_Ref>Product-13</Object_Ref>
				</Extent>
				<Intent>
					<Attribute_Ref>Accu_Cell</Attribute_Ref>
					<Attribute_Ref>Artificial_Opponnent</Attribute_Ref>
					<Attribute_Ref>Medium</Attribute_Ref>
					<Attribute_Ref>Games</Attribute_Ref>
					<Attribute_Ref>Single_Player</Attribute_Ref>
					<Attribute_Ref>Cell_Phone</Attribute_Ref>
					<Attribute_Ref>Display</Attribute_Ref>
				</Intent>
				<UpperCovers>
					<Concept_Ref>Concept_Rafat_example_19</Concept_Ref>
					<Concept_Ref>Concept_Rafat_example_34</Concept_Ref>
				</UpperCovers>
			</Concept>
			<Concept>
				<ID>Concept_Rafat_example_1</ID>
				<Extent>
					<Object_Ref>Product-16</Object_Ref>
				</Extent>
				<Intent>
					<Attribute_Ref>Wireless</Attribute_Ref>
					<Attribute_Ref>Accu_Cell</Attribute_Ref>
					<Attribute_Ref>Infrared</Attribute_Ref>
					<Attribute_Ref>Artificial_Opponnent</Attribute_Ref>
					<Attribute_Ref>Games</Attribute_Ref>
					<Attribute_Ref>Single_Player</Attribute_Ref>
					<Attribute_Ref>Multi_player</Attribute_Ref>
					<Attribute_Ref>Cell_Phone</Attribute_Ref>
					<Attribute_Ref>Strong</Attribute_Ref>
					<Attribute_Ref>Bluethooth</Attribute_Ref>
					<Attribute_Ref>Display</Attribute_Ref>
				</Intent>
				<UpperCovers>
					<Concept_Ref>Concept_Rafat_example_5</Concept_Ref>
					<Concept_Ref>Concept_Rafat_example_7</Concept_Ref>
					<Concept_Ref>Concept_Rafat_example_4</Concept_Ref>
					<Concept_Ref>Concept_Rafat_example_10</Concept_Ref>
				</UpperCovers>
			</Concept>
			<Concept>
				<ID>Concept_Rafat_example_5</ID>
				<Extent>
					<Object_Ref>Product-14</Object_Ref>
					<Object_Ref>Product-16</Object_Ref>
				</Extent>
				<Intent>
					<Attribute_Ref>Wireless</Attribute_Ref>
					<Attribute_Ref>Accu_Cell</Attribute_Ref>
					<Attribute_Ref>Infrared</Attribute_Ref>
					<Attribute_Ref>Artificial_Opponnent</Attribute_Ref>
					<Attribute_Ref>Games</Attribute_Ref>
					<Attribute_Ref>Single_Player</Attribute_Ref>
					<Attribute_Ref>Multi_player</Attribute_Ref>
					<Attribute_Ref>Cell_Phone</Attribute_Ref>
					<Attribute_Ref>Strong</Attribute_Ref>
					<Attribute_Ref>Display</Attribute_Ref>
				</Intent>
				<UpperCovers>
					<Concept_Ref>Concept_Rafat_example_21</Concept_Ref>
					<Concept_Ref>Concept_Rafat_example_18</Concept_Ref>
					<Concept_Ref>Concept_Rafat_example_12</Concept_Ref>
					<Concept_Ref>Concept_Rafat_example_11</Concept_Ref>
				</UpperCovers>
			</Concept>
			<Concept>
				<ID>Concept_Rafat_example_7</ID>
				<Extent>
					<Object_Ref>Product-9</Object_Ref>
					<Object_Ref>Product-16</Object_Ref>
				</Extent>
				<Intent>
					<Attribute_Ref>Wireless</Attribute_Ref>
					<Attribute_Ref>Accu_Cell</Attribute_Ref>
					<Attribute_Ref>Infrared</Attribute_Ref>
					<Attribute_Ref>Artificial_Opponnent</Attribute_Ref>
					<Attribute_Ref>Games</Attribute_Ref>
					<Attribute_Ref>Single_Player</Attribute_Ref>
					<Attribute_Ref>Cell_Phone</Attribute_Ref>
					<Attribute_Ref>Strong</Attribute_Ref>
					<Attribute_Ref>Bluethooth</Attribute_Ref>
					<Attribute_Ref>Display</Attribute_Ref>
				</Intent>
				<UpperCovers>
					<Concept_Ref>Concept_Rafat_example_15</Concept_Ref>
					<Concept_Ref>Concept_Rafat_example_18</Concept_Ref>
					<Concept_Ref>Concept_Rafat_example_17</Concept_Ref>
				</UpperCovers>
			</Concept>
			<Concept>
				<ID>Concept_Rafat_example_18</ID>
				<Extent>
					<Object_Ref>Product-7</Object_Ref>
					<Object_Ref>Product-9</Object_Ref>
					<Object_Ref>Product-14</Object_Ref>
					<Object_Ref>Product-16</Object_Ref>
				</Extent>
				<Intent>
					<Attribute_Ref>Wireless</Attribute_Ref>
					<Attribute_Ref>Accu_Cell</Attribute_Ref>
					<Attribute_Ref>Infrared</Attribute_Ref>
					<Attribute_Ref>Artificial_Opponnent</Attribute_Ref>
					<Attribute_Ref>Games</Attribute_Ref>
					<Attribute_Ref>Single_Player</Attribute_Ref>
					<Attribute_Ref>Cell_Phone</Attribute_Ref>
					<Attribute_Ref>Strong</Attribute_Ref>
					<Attribute_Ref>Display</Attribute_Ref>
				</Intent>
				<UpperCovers>
					<Concept_Ref>Concept_Rafat_example_24</Concept_Ref>
					<Concept_Ref>Concept_Rafat_example_27</Concept_Ref>
					<Concept_Ref>Concept_Rafat_example_22</Concept_Ref>
				</UpperCovers>
			</Concept>
			<Concept>
				<ID>Concept_Rafat_example_12</ID>
				<Extent>
					<Object_Ref>Product-13</Object_Ref>
					<Object_Ref>Product-14</Object_Ref>
					<Object_Ref>Product-16</Object_Ref>
				</Extent>
				<Intent>
					<Attribute_Ref>Wireless</Attribute_Ref>
					<Attribute_Ref>Accu_Cell</Attribute_Ref>
					<Attribute_Ref>Infrared</Attribute_Ref>
					<Attribute_Ref>Artificial_Opponnent</Attribute_Ref>
					<Attribute_Ref>Games</Attribute_Ref>
					<Attribute_Ref>Single_Player</Attribute_Ref>
					<Attribute_Ref>Multi_player</Attribute_Ref>
					<Attribute_Ref>Cell_Phone</Attribute_Ref>
					<Attribute_Ref>Display</Attribute_Ref>
				</Intent>
				<UpperCovers>
					<Concept_Ref>Concept_Rafat_example_25</Concept_Ref>
					<Concept_Ref>Concept_Rafat_example_27</Concept_Ref>
					<Concept_Ref>Concept_Rafat_example_16</Concept_Ref>
				</UpperCovers>
			</Concept>
			<Concept>
				<ID>Concept_Rafat_example_27</ID>
				<Extent>
					<Object_Ref>Product-7</Object_Ref>
					<Object_Ref>Product-9</Object_Ref>
					<Object_Ref>Product-11</Object_Ref>
					<Object_Ref>Product-12</Object_Ref>
					<Object_Ref>Product-13</Object_Ref>
					<Object_Ref>Product-14</Object_Ref>
					<Object_Ref>Product-16</Object_Ref>
				</Extent>
				<Intent>
					<Attribute_Ref>Wireless</Attribute_Ref>
					<Attribute_Ref>Accu_Cell</Attribute_Ref>
					<Attribute_Ref>Infrared</Attribute_Ref>
					<Attribute_Ref>Artificial_Opponnent</Attribute_Ref>
					<Attribute_Ref>Games</Attribute_Ref>
					<Attribute_Ref>Single_Player</Attribute_Ref>
					<Attribute_Ref>Cell_Phone</Attribute_Ref>
					<Attribute_Ref>Display</Attribute_Ref>
				</Intent>
				<UpperCovers>
					<Concept_Ref>Concept_Rafat_example_32</Concept_Ref>
					<Concept_Ref>Concept_Rafat_example_30</Concept_Ref>
				</UpperCovers>
			</Concept>
			<Concept>
				<ID>Concept_Rafat_example_4</ID>
				<Extent>
					<Object_Ref>Product-15</Object_Ref>
					<Object_Ref>Product-16</Object_Ref>
				</Extent>
				<Intent>
					<Attribute_Ref>Wireless</Attribute_Ref>
					<Attribute_Ref>Accu_Cell</Attribute_Ref>
					<Attribute_Ref>Artificial_Opponnent</Attribute_Ref>
					<Attribute_Ref>Games</Attribute_Ref>
					<Attribute_Ref>Single_Player</Attribute_Ref>
					<Attribute_Ref>Multi_player</Attribute_Ref>
					<Attribute_Ref>Cell_Phone</Attribute_Ref>
					<Attribute_Ref>Strong</Attribute_Ref>
					<Attribute_Ref>Bluethooth</Attribute_Ref>
					<Attribute_Ref>Display</Attribute_Ref>
				</Intent>
				<UpperCovers>
					<Concept_Ref>Concept_Rafat_example_20</Concept_Ref>
					<Concept_Ref>Concept_Rafat_example_17</Concept_Ref>
					<Concept_Ref>Concept_Rafat_example_11</Concept_Ref>
				</UpperCovers>
			</Concept>
			<Concept>
				<ID>Concept_Rafat_example_17</ID>
				<Extent>
					<Object_Ref>Product-8</Object_Ref>
					<Object_Ref>Product-9</Object_Ref>
					<Object_Ref>Product-15</Object_Ref>
					<Object_Ref>Product-16</Object_Ref>
				</Extent>
				<Intent>
					<Attribute_Ref>Wireless</Attribute_Ref>
					<Attribute_Ref>Accu_Cell</Attribute_Ref>
					<Attribute_Ref>Artificial_Opponnent</Attribute_Ref>
					<Attribute_Ref>Games</Attribute_Ref>
					<Attribute_Ref>Single_Player</Attribute_Ref>
					<Attribute_Ref>Cell_Phone</Attribute_Ref>
					<Attribute_Ref>Strong</Attribute_Ref>
					<Attribute_Ref>Bluethooth</Attribute_Ref>
					<Attribute_Ref>Display</Attribute_Ref>
				</Intent>
				<UpperCovers>
					<Concept_Ref>Concept_Rafat_example_23</Concept_Ref>
					<Concept_Ref>Concept_Rafat_example_22</Concept_Ref>
				</UpperCovers>
			</Concept>
			<Concept>
				<ID>Concept_Rafat_example_11</ID>
				<Extent>
					<Object_Ref>Product-14</Object_Ref>
					<Object_Ref>Product-15</Object_Ref>
					<Object_Ref>Product-16</Object_Ref>
				</Extent>
				<Intent>
					<Attribute_Ref>Wireless</Attribute_Ref>
					<Attribute_Ref>Accu_Cell</Attribute_Ref>
					<Attribute_Ref>Artificial_Opponnent</Attribute_Ref>
					<Attribute_Ref>Games</Attribute_Ref>
					<Attribute_Ref>Single_Player</Attribute_Ref>
					<Attribute_Ref>Multi_player</Attribute_Ref>
					<Attribute_Ref>Cell_Phone</Attribute_Ref>
					<Attribute_Ref>Strong</Attribute_Ref>
					<Attribute_Ref>Display</Attribute_Ref>
				</Intent>
				<UpperCovers>
					<Concept_Ref>Concept_Rafat_example_26</Concept_Ref>
					<Concept_Ref>Concept_Rafat_example_22</Concept_Ref>
					<Concept_Ref>Concept_Rafat_example_16</Concept_Ref>
				</UpperCovers>
			</Concept>
			<Concept>
				<ID>Concept_Rafat_example_22</ID>
				<Extent>
					<Object_Ref>Product-7</Object_Ref>
					<Object_Ref>Product-8</Object_Ref>
					<Object_Ref>Product-9</Object_Ref>
					<Object_Ref>Product-14</Object_Ref>
					<Object_Ref>Product-15</Object_Ref>
					<Object_Ref>Product-16</Object_Ref>
				</Extent>
				<Intent>
					<Attribute_Ref>Wireless</Attribute_Ref>
					<Attribute_Ref>Accu_Cell</Attribute_Ref>
					<Attribute_Ref>Artificial_Opponnent</Attribute_Ref>
					<Attribute_Ref>Games</Attribute_Ref>
					<Attribute_Ref>Single_Player</Attribute_Ref>
					<Attribute_Ref>Cell_Phone</Attribute_Ref>
					<Attribute_Ref>Strong</Attribute_Ref>
					<Attribute_Ref>Display</Attribute_Ref>
				</Intent>
				<UpperCovers>
					<Concept_Ref>Concept_Rafat_example_31</Concept_Ref>
					<Concept_Ref>Concept_Rafat_example_30</Concept_Ref>
					<Concept_Ref>Concept_Rafat_example_28</Concept_Ref>
				</UpperCovers>
			</Concept>
			<Concept>
				<ID>Concept_Rafat_example_16</ID>
				<Extent>
					<Object_Ref>Product-13</Object_Ref>
					<Object_Ref>Product-14</Object_Ref>
					<Object_Ref>Product-15</Object_Ref>
					<Object_Ref>Product-16</Object_Ref>
				</Extent>
				<Intent>
					<Attribute_Ref>Wireless</Attribute_Ref>
					<Attribute_Ref>Accu_Cell</Attribute_Ref>
					<Attribute_Ref>Artificial_Opponnent</Attribute_Ref>
					<Attribute_Ref>Games</Attribute_Ref>
					<Attribute_Ref>Single_Player</Attribute_Ref>
					<Attribute_Ref>Multi_player</Attribute_Ref>
					<Attribute_Ref>Cell_Phone</Attribute_Ref>
					<Attribute_Ref>Display</Attribute_Ref>
				</Intent>
				<UpperCovers>
					<Concept_Ref>Concept_Rafat_example_29</Concept_Ref>
					<Concept_Ref>Concept_Rafat_example_30</Concept_Ref>
				</UpperCovers>
			</Concept>
			<Concept>
				<ID>Concept_Rafat_example_30</ID>
				<Extent>
					<Object_Ref>Product-7</Object_Ref>
					<Object_Ref>Product-8</Object_Ref>
					<Object_Ref>Product-9</Object_Ref>
					<Object_Ref>Product-11</Object_Ref>
					<Object_Ref>Product-12</Object_Ref>
					<Object_Ref>Product-13</Object_Ref>
					<Object_Ref>Product-14</Object_Ref>
					<Object_Ref>Product-15</Object_Ref>
					<Object_Ref>Product-16</Object_Ref>
				</Extent>
				<Intent>
					<Attribute_Ref>Wireless</Attribute_Ref>
					<Attribute_Ref>Accu_Cell</Attribute_Ref>
					<Attribute_Ref>Artificial_Opponnent</Attribute_Ref>
					<Attribute_Ref>Games</Attribute_Ref>
					<Attribute_Ref>Single_Player</Attribute_Ref>
					<Attribute_Ref>Cell_Phone</Attribute_Ref>
					<Attribute_Ref>Display</Attribute_Ref>
				</Intent>
				<UpperCovers>
					<Concept_Ref>Concept_Rafat_example_35</Concept_Ref>
					<Concept_Ref>Concept_Rafat_example_34</Concept_Ref>
				</UpperCovers>
			</Concept>
			<Concept>
				<ID>Concept_Rafat_example_28</ID>
				<Extent>
					<Object_Ref>Product-6</Object_Ref>
					<Object_Ref>Product-7</Object_Ref>
					<Object_Ref>Product-8</Object_Ref>
					<Object_Ref>Product-9</Object_Ref>
					<Object_Ref>Product-14</Object_Ref>
					<Object_Ref>Product-15</Object_Ref>
					<Object_Ref>Product-16</Object_Ref>
				</Extent>
				<Intent>
					<Attribute_Ref>Accu_Cell</Attribute_Ref>
					<Attribute_Ref>Artificial_Opponnent</Attribute_Ref>
					<Attribute_Ref>Games</Attribute_Ref>
					<Attribute_Ref>Single_Player</Attribute_Ref>
					<Attribute_Ref>Cell_Phone</Attribute_Ref>
					<Attribute_Ref>Strong</Attribute_Ref>
					<Attribute_Ref>Display</Attribute_Ref>
				</Intent>
				<UpperCovers>
					<Concept_Ref>Concept_Rafat_example_33</Concept_Ref>
					<Concept_Ref>Concept_Rafat_example_34</Concept_Ref>
				</UpperCovers>
			</Concept>
			<Concept>
				<ID>Concept_Rafat_example_34</ID>
				<Extent>
					<Object_Ref>Product-5</Object_Ref>
					<Object_Ref>Product-6</Object_Ref>
					<Object_Ref>Product-7</Object_Ref>
					<Object_Ref>Product-8</Object_Ref>
					<Object_Ref>Product-9</Object_Ref>
					<Object_Ref>Product-10</Object_Ref>
					<Object_Ref>Product-11</Object_Ref>
					<Object_Ref>Product-12</Object_Ref>
					<Object_Ref>Product-13</Object_Ref>
					<Object_Ref>Product-14</Object_Ref>
					<Object_Ref>Product-15</Object_Ref>
					<Object_Ref>Product-16</Object_Ref>
				</Extent>
				<Intent>
					<Attribute_Ref>Accu_Cell</Attribute_Ref>
					<Attribute_Ref>Artificial_Opponnent</Attribute_Ref>
					<Attribute_Ref>Games</Attribute_Ref>
					<Attribute_Ref>Single_Player</Attribute_Ref>
					<Attribute_Ref>Cell_Phone</Attribute_Ref>
					<Attribute_Ref>Display</Attribute_Ref>
				</Intent>
				<UpperCovers>
					<Concept_Ref>Concept_Rafat_example_36</Concept_Ref>
				</UpperCovers>
			</Concept>
		</Lattice>
	</Step >
</RCAExplore_Document>
