<RCAExplore_Document>
	<Step nb="0">
		<Lattice numberObj="10" numberAtt="10" numberCpt="12" >
			<Config algo="fca">
			</Config>
			<Name>ctx</Name>
			<Object>adccore</Object>
			<Object>dcbouncer</Object>
			<Object>dc-hublink</Object>
			<Object>dcwatch</Object>
			<Object>embla</Object>
			<Object>flowlib</Object>
			<Object>netchatlink</Object>
			<Object>announcer bot</Object>
			<Object>certmanager</Object>
			<Object>seriebot</Object>
			<Attribute>software type:={general library}</Attribute>
			<Attribute>software type:={manage ssl certificates}</Attribute>
			<Attribute>software type:={announce new releases}</Attribute>
			<Attribute>software type:={relay}</Attribute>
			<Attribute>software type:={seriebot}</Attribute>
			<Attribute>software type:={hub operator helper}</Attribute>
			<Attribute>software type:={hub linker}</Attribute>
			<Attribute>free and open source</Attribute>
			<Attribute>software license:={gnu gpl}</Attribute>
			<Attribute>active</Attribute>
			<Concept>
				<ID>Concept_ctx_11</ID>
				<Extent>
					<Object_Ref>adccore</Object_Ref>
					<Object_Ref>dcbouncer</Object_Ref>
					<Object_Ref>dc-hublink</Object_Ref>
					<Object_Ref>dcwatch</Object_Ref>
					<Object_Ref>embla</Object_Ref>
					<Object_Ref>flowlib</Object_Ref>
					<Object_Ref>netchatlink</Object_Ref>
					<Object_Ref>announcer bot</Object_Ref>
					<Object_Ref>certmanager</Object_Ref>
					<Object_Ref>seriebot</Object_Ref>
				</Extent>
				<Intent>
					<Attribute_Ref>free and open source</Attribute_Ref>
					<Attribute_Ref>software license:={gnu gpl}</Attribute_Ref>
				</Intent>
				<UpperCovers>
				</UpperCovers>
			</Concept>
			<Concept>
				<ID>Concept_ctx_9</ID>
				<Extent>
					<Object_Ref>adccore</Object_Ref>
					<Object_Ref>embla</Object_Ref>
					<Object_Ref>flowlib</Object_Ref>
				</Extent>
				<Intent>
					<Attribute_Ref>software type:={general library}</Attribute_Ref>
					<Attribute_Ref>free and open source</Attribute_Ref>
					<Attribute_Ref>software license:={gnu gpl}</Attribute_Ref>
				</Intent>
				<UpperCovers>
					<Concept_Ref>Concept_ctx_11</Concept_Ref>
				</UpperCovers>
			</Concept>
			<Concept>
				<ID>Concept_ctx_0</ID>
				<Extent>
				</Extent>
				<Intent>
					<Attribute_Ref>software type:={relay}</Attribute_Ref>
					<Attribute_Ref>software type:={general library}</Attribute_Ref>
					<Attribute_Ref>free and open source</Attribute_Ref>
					<Attribute_Ref>software license:={gnu gpl}</Attribute_Ref>
					<Attribute_Ref>software type:={seriebot}</Attribute_Ref>
					<Attribute_Ref>software type:={hub linker}</Attribute_Ref>
					<Attribute_Ref>active</Attribute_Ref>
					<Attribute_Ref>software type:={hub operator helper}</Attribute_Ref>
					<Attribute_Ref>software type:={manage ssl certificates}</Attribute_Ref>
					<Attribute_Ref>software type:={announce new releases}</Attribute_Ref>
				</Intent>
				<UpperCovers>
					<Concept_Ref>Concept_ctx_6</Concept_Ref>
					<Concept_Ref>Concept_ctx_2</Concept_Ref>
					<Concept_Ref>Concept_ctx_3</Concept_Ref>
					<Concept_Ref>Concept_ctx_1</Concept_Ref>
					<Concept_Ref>Concept_ctx_4</Concept_Ref>
					<Concept_Ref>Concept_ctx_8</Concept_Ref>
					<Concept_Ref>Concept_ctx_5</Concept_Ref>
				</UpperCovers>
			</Concept>
			<Concept>
				<ID>Concept_ctx_2</ID>
				<Extent>
					<Object_Ref>certmanager</Object_Ref>
				</Extent>
				<Intent>
					<Attribute_Ref>free and open source</Attribute_Ref>
					<Attribute_Ref>software license:={gnu gpl}</Attribute_Ref>
					<Attribute_Ref>active</Attribute_Ref>
					<Attribute_Ref>software type:={manage ssl certificates}</Attribute_Ref>
				</Intent>
				<UpperCovers>
					<Concept_Ref>Concept_ctx_10</Concept_Ref>
				</UpperCovers>
			</Concept>
			<Concept>
				<ID>Concept_ctx_3</ID>
				<Extent>
					<Object_Ref>announcer bot</Object_Ref>
				</Extent>
				<Intent>
					<Attribute_Ref>free and open source</Attribute_Ref>
					<Attribute_Ref>software license:={gnu gpl}</Attribute_Ref>
					<Attribute_Ref>active</Attribute_Ref>
					<Attribute_Ref>software type:={announce new releases}</Attribute_Ref>
				</Intent>
				<UpperCovers>
					<Concept_Ref>Concept_ctx_10</Concept_Ref>
				</UpperCovers>
			</Concept>
			<Concept>
				<ID>Concept_ctx_6</ID>
				<Extent>
					<Object_Ref>dcbouncer</Object_Ref>
				</Extent>
				<Intent>
					<Attribute_Ref>software type:={relay}</Attribute_Ref>
					<Attribute_Ref>free and open source</Attribute_Ref>
					<Attribute_Ref>software license:={gnu gpl}</Attribute_Ref>
					<Attribute_Ref>active</Attribute_Ref>
				</Intent>
				<UpperCovers>
					<Concept_Ref>Concept_ctx_10</Concept_Ref>
				</UpperCovers>
			</Concept>
			<Concept>
				<ID>Concept_ctx_1</ID>
				<Extent>
					<Object_Ref>seriebot</Object_Ref>
				</Extent>
				<Intent>
					<Attribute_Ref>free and open source</Attribute_Ref>
					<Attribute_Ref>software license:={gnu gpl}</Attribute_Ref>
					<Attribute_Ref>software type:={seriebot}</Attribute_Ref>
					<Attribute_Ref>active</Attribute_Ref>
				</Intent>
				<UpperCovers>
					<Concept_Ref>Concept_ctx_10</Concept_Ref>
				</UpperCovers>
			</Concept>
			<Concept>
				<ID>Concept_ctx_5</ID>
				<Extent>
					<Object_Ref>dcwatch</Object_Ref>
				</Extent>
				<Intent>
					<Attribute_Ref>free and open source</Attribute_Ref>
					<Attribute_Ref>software license:={gnu gpl}</Attribute_Ref>
					<Attribute_Ref>software type:={hub operator helper}</Attribute_Ref>
				</Intent>
				<UpperCovers>
					<Concept_Ref>Concept_ctx_11</Concept_Ref>
				</UpperCovers>
			</Concept>
			<Concept>
				<ID>Concept_ctx_7</ID>
				<Extent>
					<Object_Ref>dc-hublink</Object_Ref>
					<Object_Ref>netchatlink</Object_Ref>
				</Extent>
				<Intent>
					<Attribute_Ref>free and open source</Attribute_Ref>
					<Attribute_Ref>software license:={gnu gpl}</Attribute_Ref>
					<Attribute_Ref>software type:={hub linker}</Attribute_Ref>
				</Intent>
				<UpperCovers>
					<Concept_Ref>Concept_ctx_11</Concept_Ref>
				</UpperCovers>
			</Concept>
			<Concept>
				<ID>Concept_ctx_8</ID>
				<Extent>
					<Object_Ref>adccore</Object_Ref>
					<Object_Ref>flowlib</Object_Ref>
				</Extent>
				<Intent>
					<Attribute_Ref>software type:={general library}</Attribute_Ref>
					<Attribute_Ref>free and open source</Attribute_Ref>
					<Attribute_Ref>software license:={gnu gpl}</Attribute_Ref>
					<Attribute_Ref>active</Attribute_Ref>
				</Intent>
				<UpperCovers>
					<Concept_Ref>Concept_ctx_9</Concept_Ref>
					<Concept_Ref>Concept_ctx_10</Concept_Ref>
				</UpperCovers>
			</Concept>
			<Concept>
				<ID>Concept_ctx_4</ID>
				<Extent>
					<Object_Ref>netchatlink</Object_Ref>
				</Extent>
				<Intent>
					<Attribute_Ref>free and open source</Attribute_Ref>
					<Attribute_Ref>software license:={gnu gpl}</Attribute_Ref>
					<Attribute_Ref>software type:={hub linker}</Attribute_Ref>
					<Attribute_Ref>active</Attribute_Ref>
				</Intent>
				<UpperCovers>
					<Concept_Ref>Concept_ctx_10</Concept_Ref>
					<Concept_Ref>Concept_ctx_7</Concept_Ref>
				</UpperCovers>
			</Concept>
			<Concept>
				<ID>Concept_ctx_10</ID>
				<Extent>
					<Object_Ref>adccore</Object_Ref>
					<Object_Ref>dcbouncer</Object_Ref>
					<Object_Ref>flowlib</Object_Ref>
					<Object_Ref>netchatlink</Object_Ref>
					<Object_Ref>announcer bot</Object_Ref>
					<Object_Ref>certmanager</Object_Ref>
					<Object_Ref>seriebot</Object_Ref>
				</Extent>
				<Intent>
					<Attribute_Ref>free and open source</Attribute_Ref>
					<Attribute_Ref>software license:={gnu gpl}</Attribute_Ref>
					<Attribute_Ref>active</Attribute_Ref>
				</Intent>
				<UpperCovers>
					<Concept_Ref>Concept_ctx_11</Concept_Ref>
				</UpperCovers>
			</Concept>
		</Lattice>
	</Step >
	<Step nb="1">
		<Lattice numberObj="10" numberAtt="10" numberCpt="12" >
			<Config algo="fca">
			</Config>
			<Name>ctx</Name>
			<Object>adccore</Object>
			<Object>dcbouncer</Object>
			<Object>dc-hublink</Object>
			<Object>dcwatch</Object>
			<Object>embla</Object>
			<Object>flowlib</Object>
			<Object>netchatlink</Object>
			<Object>announcer bot</Object>
			<Object>certmanager</Object>
			<Object>seriebot</Object>
			<Attribute>software type:={general library}</Attribute>
			<Attribute>software type:={manage ssl certificates}</Attribute>
			<Attribute>software type:={announce new releases}</Attribute>
			<Attribute>software type:={relay}</Attribute>
			<Attribute>software type:={seriebot}</Attribute>
			<Attribute>software type:={hub operator helper}</Attribute>
			<Attribute>software type:={hub linker}</Attribute>
			<Attribute>free and open source</Attribute>
			<Attribute>software license:={gnu gpl}</Attribute>
			<Attribute>active</Attribute>
			<Concept>
				<ID>Concept_ctx_11</ID>
				<Extent>
					<Object_Ref>adccore</Object_Ref>
					<Object_Ref>dcbouncer</Object_Ref>
					<Object_Ref>dc-hublink</Object_Ref>
					<Object_Ref>dcwatch</Object_Ref>
					<Object_Ref>embla</Object_Ref>
					<Object_Ref>flowlib</Object_Ref>
					<Object_Ref>netchatlink</Object_Ref>
					<Object_Ref>announcer bot</Object_Ref>
					<Object_Ref>certmanager</Object_Ref>
					<Object_Ref>seriebot</Object_Ref>
				</Extent>
				<Intent>
					<Attribute_Ref>free and open source</Attribute_Ref>
					<Attribute_Ref>software license:={gnu gpl}</Attribute_Ref>
				</Intent>
				<UpperCovers>
				</UpperCovers>
			</Concept>
			<Concept>
				<ID>Concept_ctx_9</ID>
				<Extent>
					<Object_Ref>adccore</Object_Ref>
					<Object_Ref>embla</Object_Ref>
					<Object_Ref>flowlib</Object_Ref>
				</Extent>
				<Intent>
					<Attribute_Ref>software type:={general library}</Attribute_Ref>
					<Attribute_Ref>free and open source</Attribute_Ref>
					<Attribute_Ref>software license:={gnu gpl}</Attribute_Ref>
				</Intent>
				<UpperCovers>
					<Concept_Ref>Concept_ctx_11</Concept_Ref>
				</UpperCovers>
			</Concept>
			<Concept>
				<ID>Concept_ctx_0</ID>
				<Extent>
				</Extent>
				<Intent>
					<Attribute_Ref>software type:={relay}</Attribute_Ref>
					<Attribute_Ref>software type:={general library}</Attribute_Ref>
					<Attribute_Ref>free and open source</Attribute_Ref>
					<Attribute_Ref>software license:={gnu gpl}</Attribute_Ref>
					<Attribute_Ref>software type:={seriebot}</Attribute_Ref>
					<Attribute_Ref>software type:={hub linker}</Attribute_Ref>
					<Attribute_Ref>active</Attribute_Ref>
					<Attribute_Ref>software type:={hub operator helper}</Attribute_Ref>
					<Attribute_Ref>software type:={manage ssl certificates}</Attribute_Ref>
					<Attribute_Ref>software type:={announce new releases}</Attribute_Ref>
				</Intent>
				<UpperCovers>
					<Concept_Ref>Concept_ctx_6</Concept_Ref>
					<Concept_Ref>Concept_ctx_2</Concept_Ref>
					<Concept_Ref>Concept_ctx_3</Concept_Ref>
					<Concept_Ref>Concept_ctx_1</Concept_Ref>
					<Concept_Ref>Concept_ctx_4</Concept_Ref>
					<Concept_Ref>Concept_ctx_8</Concept_Ref>
					<Concept_Ref>Concept_ctx_5</Concept_Ref>
				</UpperCovers>
			</Concept>
			<Concept>
				<ID>Concept_ctx_2</ID>
				<Extent>
					<Object_Ref>certmanager</Object_Ref>
				</Extent>
				<Intent>
					<Attribute_Ref>free and open source</Attribute_Ref>
					<Attribute_Ref>software license:={gnu gpl}</Attribute_Ref>
					<Attribute_Ref>active</Attribute_Ref>
					<Attribute_Ref>software type:={manage ssl certificates}</Attribute_Ref>
				</Intent>
				<UpperCovers>
					<Concept_Ref>Concept_ctx_10</Concept_Ref>
				</UpperCovers>
			</Concept>
			<Concept>
				<ID>Concept_ctx_3</ID>
				<Extent>
					<Object_Ref>announcer bot</Object_Ref>
				</Extent>
				<Intent>
					<Attribute_Ref>free and open source</Attribute_Ref>
					<Attribute_Ref>software license:={gnu gpl}</Attribute_Ref>
					<Attribute_Ref>active</Attribute_Ref>
					<Attribute_Ref>software type:={announce new releases}</Attribute_Ref>
				</Intent>
				<UpperCovers>
					<Concept_Ref>Concept_ctx_10</Concept_Ref>
				</UpperCovers>
			</Concept>
			<Concept>
				<ID>Concept_ctx_6</ID>
				<Extent>
					<Object_Ref>dcbouncer</Object_Ref>
				</Extent>
				<Intent>
					<Attribute_Ref>software type:={relay}</Attribute_Ref>
					<Attribute_Ref>free and open source</Attribute_Ref>
					<Attribute_Ref>software license:={gnu gpl}</Attribute_Ref>
					<Attribute_Ref>active</Attribute_Ref>
				</Intent>
				<UpperCovers>
					<Concept_Ref>Concept_ctx_10</Concept_Ref>
				</UpperCovers>
			</Concept>
			<Concept>
				<ID>Concept_ctx_1</ID>
				<Extent>
					<Object_Ref>seriebot</Object_Ref>
				</Extent>
				<Intent>
					<Attribute_Ref>free and open source</Attribute_Ref>
					<Attribute_Ref>software license:={gnu gpl}</Attribute_Ref>
					<Attribute_Ref>software type:={seriebot}</Attribute_Ref>
					<Attribute_Ref>active</Attribute_Ref>
				</Intent>
				<UpperCovers>
					<Concept_Ref>Concept_ctx_10</Concept_Ref>
				</UpperCovers>
			</Concept>
			<Concept>
				<ID>Concept_ctx_5</ID>
				<Extent>
					<Object_Ref>dcwatch</Object_Ref>
				</Extent>
				<Intent>
					<Attribute_Ref>free and open source</Attribute_Ref>
					<Attribute_Ref>software license:={gnu gpl}</Attribute_Ref>
					<Attribute_Ref>software type:={hub operator helper}</Attribute_Ref>
				</Intent>
				<UpperCovers>
					<Concept_Ref>Concept_ctx_11</Concept_Ref>
				</UpperCovers>
			</Concept>
			<Concept>
				<ID>Concept_ctx_7</ID>
				<Extent>
					<Object_Ref>dc-hublink</Object_Ref>
					<Object_Ref>netchatlink</Object_Ref>
				</Extent>
				<Intent>
					<Attribute_Ref>free and open source</Attribute_Ref>
					<Attribute_Ref>software license:={gnu gpl}</Attribute_Ref>
					<Attribute_Ref>software type:={hub linker}</Attribute_Ref>
				</Intent>
				<UpperCovers>
					<Concept_Ref>Concept_ctx_11</Concept_Ref>
				</UpperCovers>
			</Concept>
			<Concept>
				<ID>Concept_ctx_8</ID>
				<Extent>
					<Object_Ref>adccore</Object_Ref>
					<Object_Ref>flowlib</Object_Ref>
				</Extent>
				<Intent>
					<Attribute_Ref>software type:={general library}</Attribute_Ref>
					<Attribute_Ref>free and open source</Attribute_Ref>
					<Attribute_Ref>software license:={gnu gpl}</Attribute_Ref>
					<Attribute_Ref>active</Attribute_Ref>
				</Intent>
				<UpperCovers>
					<Concept_Ref>Concept_ctx_9</Concept_Ref>
					<Concept_Ref>Concept_ctx_10</Concept_Ref>
				</UpperCovers>
			</Concept>
			<Concept>
				<ID>Concept_ctx_4</ID>
				<Extent>
					<Object_Ref>netchatlink</Object_Ref>
				</Extent>
				<Intent>
					<Attribute_Ref>free and open source</Attribute_Ref>
					<Attribute_Ref>software license:={gnu gpl}</Attribute_Ref>
					<Attribute_Ref>software type:={hub linker}</Attribute_Ref>
					<Attribute_Ref>active</Attribute_Ref>
				</Intent>
				<UpperCovers>
					<Concept_Ref>Concept_ctx_10</Concept_Ref>
					<Concept_Ref>Concept_ctx_7</Concept_Ref>
				</UpperCovers>
			</Concept>
			<Concept>
				<ID>Concept_ctx_10</ID>
				<Extent>
					<Object_Ref>adccore</Object_Ref>
					<Object_Ref>dcbouncer</Object_Ref>
					<Object_Ref>flowlib</Object_Ref>
					<Object_Ref>netchatlink</Object_Ref>
					<Object_Ref>announcer bot</Object_Ref>
					<Object_Ref>certmanager</Object_Ref>
					<Object_Ref>seriebot</Object_Ref>
				</Extent>
				<Intent>
					<Attribute_Ref>free and open source</Attribute_Ref>
					<Attribute_Ref>software license:={gnu gpl}</Attribute_Ref>
					<Attribute_Ref>active</Attribute_Ref>
				</Intent>
				<UpperCovers>
					<Concept_Ref>Concept_ctx_11</Concept_Ref>
				</UpperCovers>
			</Concept>
		</Lattice>
	</Step >
</RCAExplore_Document>
