<RCAExplore_Document>
	<Step nb="0">
		<Lattice numberObj="12" numberAtt="7" numberCpt="7" >
			<Config algo="acposet">
			</Config>
			<Name>ctx</Name>
			<Object>adch++</Object>
			<Object>adch++ gui</Object>
			<Object>dshub</Object>
			<Object>flexhub</Object>
			<Object>luadch</Object>
			<Object>nexthub</Object>
			<Object>uhub</Object>
			<Object>erlhub</Object>
			<Object>qhub</Object>
			<Object>starlet adc hub</Object>
			<Object>starhub</Object>
			<Object>rushub</Object>
			<Attribute>free and open source</Attribute>
			<Attribute>active</Attribute>
			<Attribute>software license:={gpl}</Attribute>
			<Attribute>software license:={proprietary}</Attribute>
			<Attribute>software license:={mit license}</Attribute>
			<Attribute>software license:={agpl}</Attribute>
			<Attribute>software license:={gplv2}</Attribute>
			<Concept>
				<ID>Concept_ctx_0</ID>
				<Extent>
					<Object_Ref>starlet adc hub</Object_Ref>
				</Extent>
				<Intent>
					<Attribute_Ref>active</Attribute_Ref>
					<Attribute_Ref>software license:={proprietary}</Attribute_Ref>
				</Intent>
				<UpperCovers>
					<Concept_Ref>Concept_ctx_4</Concept_Ref>
				</UpperCovers>
			</Concept>
			<Concept>
				<ID>Concept_ctx_1</ID>
				<Extent>
					<Object_Ref>nexthub</Object_Ref>
				</Extent>
				<Intent>
					<Attribute_Ref>software license:={mit license}</Attribute_Ref>
					<Attribute_Ref>free and open source</Attribute_Ref>
				</Intent>
				<UpperCovers>
					<Concept_Ref>Concept_ctx_6</Concept_Ref>
				</UpperCovers>
			</Concept>
			<Concept>
				<ID>Concept_ctx_3</ID>
				<Extent>
					<Object_Ref>flexhub</Object_Ref>
				</Extent>
				<Intent>
					<Attribute_Ref>free and open source</Attribute_Ref>
					<Attribute_Ref>active</Attribute_Ref>
					<Attribute_Ref>software license:={agpl}</Attribute_Ref>
				</Intent>
				<UpperCovers>
					<Concept_Ref>Concept_ctx_6</Concept_Ref>
					<Concept_Ref>Concept_ctx_4</Concept_Ref>
				</UpperCovers>
			</Concept>
			<Concept>
				<ID>Concept_ctx_4</ID>
				<Extent>
					<Object_Ref>adch++</Object_Ref>
					<Object_Ref>flexhub</Object_Ref>
					<Object_Ref>luadch</Object_Ref>
					<Object_Ref>uhub</Object_Ref>
					<Object_Ref>starlet adc hub</Object_Ref>
					<Object_Ref>rushub</Object_Ref>
				</Extent>
				<Intent>
					<Attribute_Ref>active</Attribute_Ref>
				</Intent>
				<UpperCovers>
				</UpperCovers>
			</Concept>
			<Concept>
				<ID>Concept_ctx_5</ID>
				<Extent>
					<Object_Ref>adch++</Object_Ref>
					<Object_Ref>adch++ gui</Object_Ref>
					<Object_Ref>dshub</Object_Ref>
					<Object_Ref>uhub</Object_Ref>
					<Object_Ref>erlhub</Object_Ref>
					<Object_Ref>qhub</Object_Ref>
					<Object_Ref>rushub</Object_Ref>
				</Extent>
				<Intent>
					<Attribute_Ref>software license:={gpl}</Attribute_Ref>
					<Attribute_Ref>free and open source</Attribute_Ref>
				</Intent>
				<UpperCovers>
					<Concept_Ref>Concept_ctx_6</Concept_Ref>
				</UpperCovers>
			</Concept>
			<Concept>
				<ID>Concept_ctx_6</ID>
				<Extent>
					<Object_Ref>adch++</Object_Ref>
					<Object_Ref>adch++ gui</Object_Ref>
					<Object_Ref>dshub</Object_Ref>
					<Object_Ref>flexhub</Object_Ref>
					<Object_Ref>luadch</Object_Ref>
					<Object_Ref>nexthub</Object_Ref>
					<Object_Ref>uhub</Object_Ref>
					<Object_Ref>erlhub</Object_Ref>
					<Object_Ref>qhub</Object_Ref>
					<Object_Ref>rushub</Object_Ref>
				</Extent>
				<Intent>
					<Attribute_Ref>free and open source</Attribute_Ref>
				</Intent>
				<UpperCovers>
				</UpperCovers>
			</Concept>
			<Concept>
				<ID>Concept_ctx_2</ID>
				<Extent>
					<Object_Ref>luadch</Object_Ref>
				</Extent>
				<Intent>
					<Attribute_Ref>free and open source</Attribute_Ref>
					<Attribute_Ref>active</Attribute_Ref>
					<Attribute_Ref>software license:={gplv2}</Attribute_Ref>
				</Intent>
				<UpperCovers>
					<Concept_Ref>Concept_ctx_6</Concept_Ref>
					<Concept_Ref>Concept_ctx_4</Concept_Ref>
				</UpperCovers>
			</Concept>
		</Lattice>
	</Step >
</RCAExplore_Document>
