<RCAExplore_Document>
	<Step nb="0">
		<Lattice numberObj="13" numberAtt="5" numberCpt="7" >
			<Config algo="fca">
			</Config>
			<Name>ctx</Name>
			<Object>airdc++</Object>
			<Object>airdc++ nano</Object>
			<Object>apexdc++</Object>
			<Object>dc++</Object>
			<Object>jucy</Object>
			<Object>linuxdc++</Object>
			<Object>eiskaltdc++</Object>
			<Object>flylinkdc++</Object>
			<Object>rsx++</Object>
			<Object>tkdc++</Object>
			<Object>strongdc++</Object>
			<Object>revconnect</Object>
			<Object>ncdc</Object>
			<Attribute>free and open source</Attribute>
			<Attribute>active</Attribute>
			<Attribute>software license:={bsd}</Attribute>
			<Attribute>software license:={gnu gpl}</Attribute>
			<Attribute>software license:={mit}</Attribute>
			<Concept>
				<ID>Concept_ctx_6</ID>
				<Extent>
					<Object_Ref>airdc++</Object_Ref>
					<Object_Ref>airdc++ nano</Object_Ref>
					<Object_Ref>apexdc++</Object_Ref>
					<Object_Ref>dc++</Object_Ref>
					<Object_Ref>jucy</Object_Ref>
					<Object_Ref>linuxdc++</Object_Ref>
					<Object_Ref>eiskaltdc++</Object_Ref>
					<Object_Ref>flylinkdc++</Object_Ref>
					<Object_Ref>rsx++</Object_Ref>
					<Object_Ref>tkdc++</Object_Ref>
					<Object_Ref>strongdc++</Object_Ref>
					<Object_Ref>revconnect</Object_Ref>
					<Object_Ref>ncdc</Object_Ref>
				</Extent>
				<Intent>
					<Attribute_Ref>free and open source</Attribute_Ref>
				</Intent>
				<UpperCovers>
				</UpperCovers>
			</Concept>
			<Concept>
				<ID>Concept_ctx_4</ID>
				<Extent>
					<Object_Ref>airdc++</Object_Ref>
					<Object_Ref>airdc++ nano</Object_Ref>
					<Object_Ref>apexdc++</Object_Ref>
					<Object_Ref>dc++</Object_Ref>
					<Object_Ref>jucy</Object_Ref>
					<Object_Ref>linuxdc++</Object_Ref>
					<Object_Ref>eiskaltdc++</Object_Ref>
					<Object_Ref>flylinkdc++</Object_Ref>
					<Object_Ref>ncdc</Object_Ref>
				</Extent>
				<Intent>
					<Attribute_Ref>free and open source</Attribute_Ref>
					<Attribute_Ref>active</Attribute_Ref>
				</Intent>
				<UpperCovers>
					<Concept_Ref>Concept_ctx_6</Concept_Ref>
				</UpperCovers>
			</Concept>
			<Concept>
				<ID>Concept_ctx_2</ID>
				<Extent>
					<Object_Ref>jucy</Object_Ref>
				</Extent>
				<Intent>
					<Attribute_Ref>free and open source</Attribute_Ref>
					<Attribute_Ref>active</Attribute_Ref>
					<Attribute_Ref>software license:={bsd}</Attribute_Ref>
				</Intent>
				<UpperCovers>
					<Concept_Ref>Concept_ctx_4</Concept_Ref>
				</UpperCovers>
			</Concept>
			<Concept>
				<ID>Concept_ctx_0</ID>
				<Extent>
				</Extent>
				<Intent>
					<Attribute_Ref>free and open source</Attribute_Ref>
					<Attribute_Ref>software license:={gnu gpl}</Attribute_Ref>
					<Attribute_Ref>software license:={mit}</Attribute_Ref>
					<Attribute_Ref>active</Attribute_Ref>
					<Attribute_Ref>software license:={bsd}</Attribute_Ref>
				</Intent>
				<UpperCovers>
					<Concept_Ref>Concept_ctx_3</Concept_Ref>
					<Concept_Ref>Concept_ctx_2</Concept_Ref>
					<Concept_Ref>Concept_ctx_1</Concept_Ref>
				</UpperCovers>
			</Concept>
			<Concept>
				<ID>Concept_ctx_3</ID>
				<Extent>
					<Object_Ref>airdc++</Object_Ref>
					<Object_Ref>airdc++ nano</Object_Ref>
					<Object_Ref>apexdc++</Object_Ref>
					<Object_Ref>dc++</Object_Ref>
					<Object_Ref>linuxdc++</Object_Ref>
					<Object_Ref>eiskaltdc++</Object_Ref>
					<Object_Ref>flylinkdc++</Object_Ref>
				</Extent>
				<Intent>
					<Attribute_Ref>free and open source</Attribute_Ref>
					<Attribute_Ref>software license:={gnu gpl}</Attribute_Ref>
					<Attribute_Ref>active</Attribute_Ref>
				</Intent>
				<UpperCovers>
					<Concept_Ref>Concept_ctx_4</Concept_Ref>
					<Concept_Ref>Concept_ctx_5</Concept_Ref>
				</UpperCovers>
			</Concept>
			<Concept>
				<ID>Concept_ctx_5</ID>
				<Extent>
					<Object_Ref>airdc++</Object_Ref>
					<Object_Ref>airdc++ nano</Object_Ref>
					<Object_Ref>apexdc++</Object_Ref>
					<Object_Ref>dc++</Object_Ref>
					<Object_Ref>linuxdc++</Object_Ref>
					<Object_Ref>eiskaltdc++</Object_Ref>
					<Object_Ref>flylinkdc++</Object_Ref>
					<Object_Ref>rsx++</Object_Ref>
					<Object_Ref>tkdc++</Object_Ref>
					<Object_Ref>strongdc++</Object_Ref>
					<Object_Ref>revconnect</Object_Ref>
				</Extent>
				<Intent>
					<Attribute_Ref>software license:={gnu gpl}</Attribute_Ref>
					<Attribute_Ref>free and open source</Attribute_Ref>
				</Intent>
				<UpperCovers>
					<Concept_Ref>Concept_ctx_6</Concept_Ref>
				</UpperCovers>
			</Concept>
			<Concept>
				<ID>Concept_ctx_1</ID>
				<Extent>
					<Object_Ref>ncdc</Object_Ref>
				</Extent>
				<Intent>
					<Attribute_Ref>free and open source</Attribute_Ref>
					<Attribute_Ref>software license:={mit}</Attribute_Ref>
					<Attribute_Ref>active</Attribute_Ref>
				</Intent>
				<UpperCovers>
					<Concept_Ref>Concept_ctx_4</Concept_Ref>
				</UpperCovers>
			</Concept>
		</Lattice>
	</Step >
	<Step nb="1">
		<Lattice numberObj="13" numberAtt="5" numberCpt="7" >
			<Config algo="fca">
			</Config>
			<Name>ctx</Name>
			<Object>airdc++</Object>
			<Object>airdc++ nano</Object>
			<Object>apexdc++</Object>
			<Object>dc++</Object>
			<Object>jucy</Object>
			<Object>linuxdc++</Object>
			<Object>eiskaltdc++</Object>
			<Object>flylinkdc++</Object>
			<Object>rsx++</Object>
			<Object>tkdc++</Object>
			<Object>strongdc++</Object>
			<Object>revconnect</Object>
			<Object>ncdc</Object>
			<Attribute>free and open source</Attribute>
			<Attribute>active</Attribute>
			<Attribute>software license:={bsd}</Attribute>
			<Attribute>software license:={gnu gpl}</Attribute>
			<Attribute>software license:={mit}</Attribute>
			<Concept>
				<ID>Concept_ctx_6</ID>
				<Extent>
					<Object_Ref>airdc++</Object_Ref>
					<Object_Ref>airdc++ nano</Object_Ref>
					<Object_Ref>apexdc++</Object_Ref>
					<Object_Ref>dc++</Object_Ref>
					<Object_Ref>jucy</Object_Ref>
					<Object_Ref>linuxdc++</Object_Ref>
					<Object_Ref>eiskaltdc++</Object_Ref>
					<Object_Ref>flylinkdc++</Object_Ref>
					<Object_Ref>rsx++</Object_Ref>
					<Object_Ref>tkdc++</Object_Ref>
					<Object_Ref>strongdc++</Object_Ref>
					<Object_Ref>revconnect</Object_Ref>
					<Object_Ref>ncdc</Object_Ref>
				</Extent>
				<Intent>
					<Attribute_Ref>free and open source</Attribute_Ref>
				</Intent>
				<UpperCovers>
				</UpperCovers>
			</Concept>
			<Concept>
				<ID>Concept_ctx_4</ID>
				<Extent>
					<Object_Ref>airdc++</Object_Ref>
					<Object_Ref>airdc++ nano</Object_Ref>
					<Object_Ref>apexdc++</Object_Ref>
					<Object_Ref>dc++</Object_Ref>
					<Object_Ref>jucy</Object_Ref>
					<Object_Ref>linuxdc++</Object_Ref>
					<Object_Ref>eiskaltdc++</Object_Ref>
					<Object_Ref>flylinkdc++</Object_Ref>
					<Object_Ref>ncdc</Object_Ref>
				</Extent>
				<Intent>
					<Attribute_Ref>free and open source</Attribute_Ref>
					<Attribute_Ref>active</Attribute_Ref>
				</Intent>
				<UpperCovers>
					<Concept_Ref>Concept_ctx_6</Concept_Ref>
				</UpperCovers>
			</Concept>
			<Concept>
				<ID>Concept_ctx_2</ID>
				<Extent>
					<Object_Ref>jucy</Object_Ref>
				</Extent>
				<Intent>
					<Attribute_Ref>free and open source</Attribute_Ref>
					<Attribute_Ref>active</Attribute_Ref>
					<Attribute_Ref>software license:={bsd}</Attribute_Ref>
				</Intent>
				<UpperCovers>
					<Concept_Ref>Concept_ctx_4</Concept_Ref>
				</UpperCovers>
			</Concept>
			<Concept>
				<ID>Concept_ctx_0</ID>
				<Extent>
				</Extent>
				<Intent>
					<Attribute_Ref>free and open source</Attribute_Ref>
					<Attribute_Ref>software license:={gnu gpl}</Attribute_Ref>
					<Attribute_Ref>software license:={mit}</Attribute_Ref>
					<Attribute_Ref>active</Attribute_Ref>
					<Attribute_Ref>software license:={bsd}</Attribute_Ref>
				</Intent>
				<UpperCovers>
					<Concept_Ref>Concept_ctx_3</Concept_Ref>
					<Concept_Ref>Concept_ctx_2</Concept_Ref>
					<Concept_Ref>Concept_ctx_1</Concept_Ref>
				</UpperCovers>
			</Concept>
			<Concept>
				<ID>Concept_ctx_3</ID>
				<Extent>
					<Object_Ref>airdc++</Object_Ref>
					<Object_Ref>airdc++ nano</Object_Ref>
					<Object_Ref>apexdc++</Object_Ref>
					<Object_Ref>dc++</Object_Ref>
					<Object_Ref>linuxdc++</Object_Ref>
					<Object_Ref>eiskaltdc++</Object_Ref>
					<Object_Ref>flylinkdc++</Object_Ref>
				</Extent>
				<Intent>
					<Attribute_Ref>free and open source</Attribute_Ref>
					<Attribute_Ref>software license:={gnu gpl}</Attribute_Ref>
					<Attribute_Ref>active</Attribute_Ref>
				</Intent>
				<UpperCovers>
					<Concept_Ref>Concept_ctx_4</Concept_Ref>
					<Concept_Ref>Concept_ctx_5</Concept_Ref>
				</UpperCovers>
			</Concept>
			<Concept>
				<ID>Concept_ctx_5</ID>
				<Extent>
					<Object_Ref>airdc++</Object_Ref>
					<Object_Ref>airdc++ nano</Object_Ref>
					<Object_Ref>apexdc++</Object_Ref>
					<Object_Ref>dc++</Object_Ref>
					<Object_Ref>linuxdc++</Object_Ref>
					<Object_Ref>eiskaltdc++</Object_Ref>
					<Object_Ref>flylinkdc++</Object_Ref>
					<Object_Ref>rsx++</Object_Ref>
					<Object_Ref>tkdc++</Object_Ref>
					<Object_Ref>strongdc++</Object_Ref>
					<Object_Ref>revconnect</Object_Ref>
				</Extent>
				<Intent>
					<Attribute_Ref>software license:={gnu gpl}</Attribute_Ref>
					<Attribute_Ref>free and open source</Attribute_Ref>
				</Intent>
				<UpperCovers>
					<Concept_Ref>Concept_ctx_6</Concept_Ref>
				</UpperCovers>
			</Concept>
			<Concept>
				<ID>Concept_ctx_1</ID>
				<Extent>
					<Object_Ref>ncdc</Object_Ref>
				</Extent>
				<Intent>
					<Attribute_Ref>free and open source</Attribute_Ref>
					<Attribute_Ref>software license:={mit}</Attribute_Ref>
					<Attribute_Ref>active</Attribute_Ref>
				</Intent>
				<UpperCovers>
					<Concept_Ref>Concept_ctx_4</Concept_Ref>
				</UpperCovers>
			</Concept>
		</Lattice>
	</Step >
</RCAExplore_Document>
