<RCAExplore_Document>
	<Step nb="0">
		<Lattice numberObj="11" numberAtt="14" numberCpt="13" >
			<Config algo="fca">
			</Config>
			<Name>ctx</Name>
			<Object>adch++</Object>
			<Object>adch++ gui</Object>
			<Object>dshub</Object>
			<Object>flexhub</Object>
			<Object>luadch</Object>
			<Object>nexthub</Object>
			<Object>uhub</Object>
			<Object>qhub</Object>
			<Object>starlet adc hub</Object>
			<Object>starhub</Object>
			<Object>rushub</Object>
			<Attribute>encryption</Attribute>
			<Attribute>ipv6</Attribute>
			<Attribute>plugin:={c#}</Attribute>
			<Attribute>plugin:={python}</Attribute>
			<Attribute>plugin:={c}</Attribute>
			<Attribute>plugin:={lua}</Attribute>
			<Attribute>plugin:={python,java}</Attribute>
			<Attribute>plugin:={python,lua,ruby}</Attribute>
			<Attribute>hash algorithms:={tiger tree hash}</Attribute>
			<Attribute>bloom filter</Attribute>
			<Attribute>adc support:={tigr}</Attribute>
			<Attribute>adc support:={tigr,adcs}</Attribute>
			<Attribute>adc support:={tigr,ping,adcs}</Attribute>
			<Attribute>adc support:={keyp,tigr,ping,sudp,asch,adcs}</Attribute>
			<Concept>
				<ID>Concept_ctx_12</ID>
				<Extent>
					<Object_Ref>adch++</Object_Ref>
					<Object_Ref>adch++ gui</Object_Ref>
					<Object_Ref>dshub</Object_Ref>
					<Object_Ref>flexhub</Object_Ref>
					<Object_Ref>luadch</Object_Ref>
					<Object_Ref>nexthub</Object_Ref>
					<Object_Ref>uhub</Object_Ref>
					<Object_Ref>qhub</Object_Ref>
					<Object_Ref>starlet adc hub</Object_Ref>
					<Object_Ref>starhub</Object_Ref>
					<Object_Ref>rushub</Object_Ref>
				</Extent>
				<Intent>
					<Attribute_Ref>adc support:={tigr}</Attribute_Ref>
					<Attribute_Ref>hash algorithms:={tiger tree hash}</Attribute_Ref>
				</Intent>
				<UpperCovers>
				</UpperCovers>
			</Concept>
			<Concept>
				<ID>Concept_ctx_11</ID>
				<Extent>
					<Object_Ref>adch++</Object_Ref>
					<Object_Ref>adch++ gui</Object_Ref>
					<Object_Ref>dshub</Object_Ref>
					<Object_Ref>flexhub</Object_Ref>
					<Object_Ref>luadch</Object_Ref>
					<Object_Ref>nexthub</Object_Ref>
					<Object_Ref>uhub</Object_Ref>
				</Extent>
				<Intent>
					<Attribute_Ref>encryption</Attribute_Ref>
					<Attribute_Ref>adc support:={tigr,adcs}</Attribute_Ref>
					<Attribute_Ref>adc support:={tigr}</Attribute_Ref>
					<Attribute_Ref>hash algorithms:={tiger tree hash}</Attribute_Ref>
				</Intent>
				<UpperCovers>
					<Concept_Ref>Concept_ctx_12</Concept_Ref>
				</UpperCovers>
			</Concept>
			<Concept>
				<ID>Concept_ctx_6</ID>
				<Extent>
					<Object_Ref>adch++</Object_Ref>
					<Object_Ref>uhub</Object_Ref>
				</Extent>
				<Intent>
					<Attribute_Ref>encryption</Attribute_Ref>
					<Attribute_Ref>ipv6</Attribute_Ref>
					<Attribute_Ref>adc support:={tigr,adcs}</Attribute_Ref>
					<Attribute_Ref>adc support:={tigr,ping,adcs}</Attribute_Ref>
					<Attribute_Ref>adc support:={tigr}</Attribute_Ref>
					<Attribute_Ref>hash algorithms:={tiger tree hash}</Attribute_Ref>
				</Intent>
				<UpperCovers>
					<Concept_Ref>Concept_ctx_10</Concept_Ref>
				</UpperCovers>
			</Concept>
			<Concept>
				<ID>Concept_ctx_0</ID>
				<Extent>
				</Extent>
				<Intent>
					<Attribute_Ref>plugin:={c}</Attribute_Ref>
					<Attribute_Ref>plugin:={python,lua,ruby}</Attribute_Ref>
					<Attribute_Ref>bloom filter</Attribute_Ref>
					<Attribute_Ref>plugin:={lua}</Attribute_Ref>
					<Attribute_Ref>adc support:={tigr,adcs}</Attribute_Ref>
					<Attribute_Ref>adc support:={tigr,ping,adcs}</Attribute_Ref>
					<Attribute_Ref>encryption</Attribute_Ref>
					<Attribute_Ref>ipv6</Attribute_Ref>
					<Attribute_Ref>adc support:={keyp,tigr,ping,sudp,asch,adcs}</Attribute_Ref>
					<Attribute_Ref>plugin:={c#}</Attribute_Ref>
					<Attribute_Ref>plugin:={python,java}</Attribute_Ref>
					<Attribute_Ref>adc support:={tigr}</Attribute_Ref>
					<Attribute_Ref>plugin:={python}</Attribute_Ref>
					<Attribute_Ref>hash algorithms:={tiger tree hash}</Attribute_Ref>
				</Intent>
				<UpperCovers>
					<Concept_Ref>Concept_ctx_2</Concept_Ref>
					<Concept_Ref>Concept_ctx_1</Concept_Ref>
					<Concept_Ref>Concept_ctx_3</Concept_Ref>
					<Concept_Ref>Concept_ctx_5</Concept_Ref>
					<Concept_Ref>Concept_ctx_4</Concept_Ref>
				</UpperCovers>
			</Concept>
			<Concept>
				<ID>Concept_ctx_2</ID>
				<Extent>
					<Object_Ref>nexthub</Object_Ref>
				</Extent>
				<Intent>
					<Attribute_Ref>encryption</Attribute_Ref>
					<Attribute_Ref>adc support:={tigr,adcs}</Attribute_Ref>
					<Attribute_Ref>plugin:={c#}</Attribute_Ref>
					<Attribute_Ref>adc support:={tigr}</Attribute_Ref>
					<Attribute_Ref>hash algorithms:={tiger tree hash}</Attribute_Ref>
				</Intent>
				<UpperCovers>
					<Concept_Ref>Concept_ctx_11</Concept_Ref>
				</UpperCovers>
			</Concept>
			<Concept>
				<ID>Concept_ctx_5</ID>
				<Extent>
					<Object_Ref>adch++</Object_Ref>
				</Extent>
				<Intent>
					<Attribute_Ref>plugin:={python,lua,ruby}</Attribute_Ref>
					<Attribute_Ref>bloom filter</Attribute_Ref>
					<Attribute_Ref>encryption</Attribute_Ref>
					<Attribute_Ref>ipv6</Attribute_Ref>
					<Attribute_Ref>plugin:={lua}</Attribute_Ref>
					<Attribute_Ref>adc support:={tigr,adcs}</Attribute_Ref>
					<Attribute_Ref>adc support:={tigr,ping,adcs}</Attribute_Ref>
					<Attribute_Ref>adc support:={tigr}</Attribute_Ref>
					<Attribute_Ref>plugin:={python}</Attribute_Ref>
					<Attribute_Ref>hash algorithms:={tiger tree hash}</Attribute_Ref>
				</Intent>
				<UpperCovers>
					<Concept_Ref>Concept_ctx_6</Concept_Ref>
					<Concept_Ref>Concept_ctx_7</Concept_Ref>
					<Concept_Ref>Concept_ctx_8</Concept_Ref>
				</UpperCovers>
			</Concept>
			<Concept>
				<ID>Concept_ctx_9</ID>
				<Extent>
					<Object_Ref>adch++</Object_Ref>
					<Object_Ref>adch++ gui</Object_Ref>
					<Object_Ref>dshub</Object_Ref>
				</Extent>
				<Intent>
					<Attribute_Ref>encryption</Attribute_Ref>
					<Attribute_Ref>adc support:={tigr,adcs}</Attribute_Ref>
					<Attribute_Ref>adc support:={tigr,ping,adcs}</Attribute_Ref>
					<Attribute_Ref>adc support:={tigr}</Attribute_Ref>
					<Attribute_Ref>plugin:={python}</Attribute_Ref>
					<Attribute_Ref>hash algorithms:={tiger tree hash}</Attribute_Ref>
				</Intent>
				<UpperCovers>
					<Concept_Ref>Concept_ctx_10</Concept_Ref>
				</UpperCovers>
			</Concept>
			<Concept>
				<ID>Concept_ctx_1</ID>
				<Extent>
					<Object_Ref>uhub</Object_Ref>
				</Extent>
				<Intent>
					<Attribute_Ref>plugin:={c}</Attribute_Ref>
					<Attribute_Ref>encryption</Attribute_Ref>
					<Attribute_Ref>ipv6</Attribute_Ref>
					<Attribute_Ref>adc support:={tigr,adcs}</Attribute_Ref>
					<Attribute_Ref>adc support:={tigr,ping,adcs}</Attribute_Ref>
					<Attribute_Ref>adc support:={tigr}</Attribute_Ref>
					<Attribute_Ref>hash algorithms:={tiger tree hash}</Attribute_Ref>
				</Intent>
				<UpperCovers>
					<Concept_Ref>Concept_ctx_6</Concept_Ref>
				</UpperCovers>
			</Concept>
			<Concept>
				<ID>Concept_ctx_7</ID>
				<Extent>
					<Object_Ref>adch++</Object_Ref>
					<Object_Ref>luadch</Object_Ref>
				</Extent>
				<Intent>
					<Attribute_Ref>encryption</Attribute_Ref>
					<Attribute_Ref>plugin:={lua}</Attribute_Ref>
					<Attribute_Ref>adc support:={tigr,adcs}</Attribute_Ref>
					<Attribute_Ref>adc support:={tigr,ping,adcs}</Attribute_Ref>
					<Attribute_Ref>adc support:={tigr}</Attribute_Ref>
					<Attribute_Ref>hash algorithms:={tiger tree hash}</Attribute_Ref>
				</Intent>
				<UpperCovers>
					<Concept_Ref>Concept_ctx_10</Concept_Ref>
				</UpperCovers>
			</Concept>
			<Concept>
				<ID>Concept_ctx_4</ID>
				<Extent>
					<Object_Ref>dshub</Object_Ref>
				</Extent>
				<Intent>
					<Attribute_Ref>encryption</Attribute_Ref>
					<Attribute_Ref>adc support:={tigr,adcs}</Attribute_Ref>
					<Attribute_Ref>adc support:={tigr,ping,adcs}</Attribute_Ref>
					<Attribute_Ref>plugin:={python,java}</Attribute_Ref>
					<Attribute_Ref>adc support:={tigr}</Attribute_Ref>
					<Attribute_Ref>plugin:={python}</Attribute_Ref>
					<Attribute_Ref>hash algorithms:={tiger tree hash}</Attribute_Ref>
				</Intent>
				<UpperCovers>
					<Concept_Ref>Concept_ctx_9</Concept_Ref>
				</UpperCovers>
			</Concept>
			<Concept>
				<ID>Concept_ctx_8</ID>
				<Extent>
					<Object_Ref>adch++</Object_Ref>
					<Object_Ref>adch++ gui</Object_Ref>
				</Extent>
				<Intent>
					<Attribute_Ref>bloom filter</Attribute_Ref>
					<Attribute_Ref>encryption</Attribute_Ref>
					<Attribute_Ref>adc support:={tigr,adcs}</Attribute_Ref>
					<Attribute_Ref>adc support:={tigr,ping,adcs}</Attribute_Ref>
					<Attribute_Ref>adc support:={tigr}</Attribute_Ref>
					<Attribute_Ref>plugin:={python}</Attribute_Ref>
					<Attribute_Ref>hash algorithms:={tiger tree hash}</Attribute_Ref>
				</Intent>
				<UpperCovers>
					<Concept_Ref>Concept_ctx_9</Concept_Ref>
				</UpperCovers>
			</Concept>
			<Concept>
				<ID>Concept_ctx_10</ID>
				<Extent>
					<Object_Ref>adch++</Object_Ref>
					<Object_Ref>adch++ gui</Object_Ref>
					<Object_Ref>dshub</Object_Ref>
					<Object_Ref>flexhub</Object_Ref>
					<Object_Ref>luadch</Object_Ref>
					<Object_Ref>uhub</Object_Ref>
				</Extent>
				<Intent>
					<Attribute_Ref>encryption</Attribute_Ref>
					<Attribute_Ref>adc support:={tigr,adcs}</Attribute_Ref>
					<Attribute_Ref>adc support:={tigr,ping,adcs}</Attribute_Ref>
					<Attribute_Ref>adc support:={tigr}</Attribute_Ref>
					<Attribute_Ref>hash algorithms:={tiger tree hash}</Attribute_Ref>
				</Intent>
				<UpperCovers>
					<Concept_Ref>Concept_ctx_11</Concept_Ref>
				</UpperCovers>
			</Concept>
			<Concept>
				<ID>Concept_ctx_3</ID>
				<Extent>
					<Object_Ref>luadch</Object_Ref>
				</Extent>
				<Intent>
					<Attribute_Ref>encryption</Attribute_Ref>
					<Attribute_Ref>adc support:={keyp,tigr,ping,sudp,asch,adcs}</Attribute_Ref>
					<Attribute_Ref>plugin:={lua}</Attribute_Ref>
					<Attribute_Ref>adc support:={tigr,adcs}</Attribute_Ref>
					<Attribute_Ref>adc support:={tigr,ping,adcs}</Attribute_Ref>
					<Attribute_Ref>adc support:={tigr}</Attribute_Ref>
					<Attribute_Ref>hash algorithms:={tiger tree hash}</Attribute_Ref>
				</Intent>
				<UpperCovers>
					<Concept_Ref>Concept_ctx_7</Concept_Ref>
				</UpperCovers>
			</Concept>
		</Lattice>
	</Step >
	<Step nb="1">
		<Lattice numberObj="11" numberAtt="14" numberCpt="13" >
			<Config algo="fca">
			</Config>
			<Name>ctx</Name>
			<Object>adch++</Object>
			<Object>adch++ gui</Object>
			<Object>dshub</Object>
			<Object>flexhub</Object>
			<Object>luadch</Object>
			<Object>nexthub</Object>
			<Object>uhub</Object>
			<Object>qhub</Object>
			<Object>starlet adc hub</Object>
			<Object>starhub</Object>
			<Object>rushub</Object>
			<Attribute>encryption</Attribute>
			<Attribute>ipv6</Attribute>
			<Attribute>plugin:={c#}</Attribute>
			<Attribute>plugin:={python}</Attribute>
			<Attribute>plugin:={c}</Attribute>
			<Attribute>plugin:={lua}</Attribute>
			<Attribute>plugin:={python,java}</Attribute>
			<Attribute>plugin:={python,lua,ruby}</Attribute>
			<Attribute>hash algorithms:={tiger tree hash}</Attribute>
			<Attribute>bloom filter</Attribute>
			<Attribute>adc support:={tigr}</Attribute>
			<Attribute>adc support:={tigr,adcs}</Attribute>
			<Attribute>adc support:={tigr,ping,adcs}</Attribute>
			<Attribute>adc support:={keyp,tigr,ping,sudp,asch,adcs}</Attribute>
			<Concept>
				<ID>Concept_ctx_12</ID>
				<Extent>
					<Object_Ref>adch++</Object_Ref>
					<Object_Ref>adch++ gui</Object_Ref>
					<Object_Ref>dshub</Object_Ref>
					<Object_Ref>flexhub</Object_Ref>
					<Object_Ref>luadch</Object_Ref>
					<Object_Ref>nexthub</Object_Ref>
					<Object_Ref>uhub</Object_Ref>
					<Object_Ref>qhub</Object_Ref>
					<Object_Ref>starlet adc hub</Object_Ref>
					<Object_Ref>starhub</Object_Ref>
					<Object_Ref>rushub</Object_Ref>
				</Extent>
				<Intent>
					<Attribute_Ref>adc support:={tigr}</Attribute_Ref>
					<Attribute_Ref>hash algorithms:={tiger tree hash}</Attribute_Ref>
				</Intent>
				<UpperCovers>
				</UpperCovers>
			</Concept>
			<Concept>
				<ID>Concept_ctx_11</ID>
				<Extent>
					<Object_Ref>adch++</Object_Ref>
					<Object_Ref>adch++ gui</Object_Ref>
					<Object_Ref>dshub</Object_Ref>
					<Object_Ref>flexhub</Object_Ref>
					<Object_Ref>luadch</Object_Ref>
					<Object_Ref>nexthub</Object_Ref>
					<Object_Ref>uhub</Object_Ref>
				</Extent>
				<Intent>
					<Attribute_Ref>encryption</Attribute_Ref>
					<Attribute_Ref>adc support:={tigr,adcs}</Attribute_Ref>
					<Attribute_Ref>adc support:={tigr}</Attribute_Ref>
					<Attribute_Ref>hash algorithms:={tiger tree hash}</Attribute_Ref>
				</Intent>
				<UpperCovers>
					<Concept_Ref>Concept_ctx_12</Concept_Ref>
				</UpperCovers>
			</Concept>
			<Concept>
				<ID>Concept_ctx_6</ID>
				<Extent>
					<Object_Ref>adch++</Object_Ref>
					<Object_Ref>uhub</Object_Ref>
				</Extent>
				<Intent>
					<Attribute_Ref>encryption</Attribute_Ref>
					<Attribute_Ref>ipv6</Attribute_Ref>
					<Attribute_Ref>adc support:={tigr,adcs}</Attribute_Ref>
					<Attribute_Ref>adc support:={tigr,ping,adcs}</Attribute_Ref>
					<Attribute_Ref>adc support:={tigr}</Attribute_Ref>
					<Attribute_Ref>hash algorithms:={tiger tree hash}</Attribute_Ref>
				</Intent>
				<UpperCovers>
					<Concept_Ref>Concept_ctx_10</Concept_Ref>
				</UpperCovers>
			</Concept>
			<Concept>
				<ID>Concept_ctx_0</ID>
				<Extent>
				</Extent>
				<Intent>
					<Attribute_Ref>plugin:={c}</Attribute_Ref>
					<Attribute_Ref>plugin:={python,lua,ruby}</Attribute_Ref>
					<Attribute_Ref>bloom filter</Attribute_Ref>
					<Attribute_Ref>plugin:={lua}</Attribute_Ref>
					<Attribute_Ref>adc support:={tigr,adcs}</Attribute_Ref>
					<Attribute_Ref>adc support:={tigr,ping,adcs}</Attribute_Ref>
					<Attribute_Ref>encryption</Attribute_Ref>
					<Attribute_Ref>ipv6</Attribute_Ref>
					<Attribute_Ref>adc support:={keyp,tigr,ping,sudp,asch,adcs}</Attribute_Ref>
					<Attribute_Ref>plugin:={c#}</Attribute_Ref>
					<Attribute_Ref>plugin:={python,java}</Attribute_Ref>
					<Attribute_Ref>adc support:={tigr}</Attribute_Ref>
					<Attribute_Ref>plugin:={python}</Attribute_Ref>
					<Attribute_Ref>hash algorithms:={tiger tree hash}</Attribute_Ref>
				</Intent>
				<UpperCovers>
					<Concept_Ref>Concept_ctx_2</Concept_Ref>
					<Concept_Ref>Concept_ctx_1</Concept_Ref>
					<Concept_Ref>Concept_ctx_3</Concept_Ref>
					<Concept_Ref>Concept_ctx_5</Concept_Ref>
					<Concept_Ref>Concept_ctx_4</Concept_Ref>
				</UpperCovers>
			</Concept>
			<Concept>
				<ID>Concept_ctx_2</ID>
				<Extent>
					<Object_Ref>nexthub</Object_Ref>
				</Extent>
				<Intent>
					<Attribute_Ref>encryption</Attribute_Ref>
					<Attribute_Ref>adc support:={tigr,adcs}</Attribute_Ref>
					<Attribute_Ref>plugin:={c#}</Attribute_Ref>
					<Attribute_Ref>adc support:={tigr}</Attribute_Ref>
					<Attribute_Ref>hash algorithms:={tiger tree hash}</Attribute_Ref>
				</Intent>
				<UpperCovers>
					<Concept_Ref>Concept_ctx_11</Concept_Ref>
				</UpperCovers>
			</Concept>
			<Concept>
				<ID>Concept_ctx_5</ID>
				<Extent>
					<Object_Ref>adch++</Object_Ref>
				</Extent>
				<Intent>
					<Attribute_Ref>plugin:={python,lua,ruby}</Attribute_Ref>
					<Attribute_Ref>bloom filter</Attribute_Ref>
					<Attribute_Ref>encryption</Attribute_Ref>
					<Attribute_Ref>ipv6</Attribute_Ref>
					<Attribute_Ref>plugin:={lua}</Attribute_Ref>
					<Attribute_Ref>adc support:={tigr,adcs}</Attribute_Ref>
					<Attribute_Ref>adc support:={tigr,ping,adcs}</Attribute_Ref>
					<Attribute_Ref>adc support:={tigr}</Attribute_Ref>
					<Attribute_Ref>plugin:={python}</Attribute_Ref>
					<Attribute_Ref>hash algorithms:={tiger tree hash}</Attribute_Ref>
				</Intent>
				<UpperCovers>
					<Concept_Ref>Concept_ctx_6</Concept_Ref>
					<Concept_Ref>Concept_ctx_7</Concept_Ref>
					<Concept_Ref>Concept_ctx_8</Concept_Ref>
				</UpperCovers>
			</Concept>
			<Concept>
				<ID>Concept_ctx_9</ID>
				<Extent>
					<Object_Ref>adch++</Object_Ref>
					<Object_Ref>adch++ gui</Object_Ref>
					<Object_Ref>dshub</Object_Ref>
				</Extent>
				<Intent>
					<Attribute_Ref>encryption</Attribute_Ref>
					<Attribute_Ref>adc support:={tigr,adcs}</Attribute_Ref>
					<Attribute_Ref>adc support:={tigr,ping,adcs}</Attribute_Ref>
					<Attribute_Ref>adc support:={tigr}</Attribute_Ref>
					<Attribute_Ref>plugin:={python}</Attribute_Ref>
					<Attribute_Ref>hash algorithms:={tiger tree hash}</Attribute_Ref>
				</Intent>
				<UpperCovers>
					<Concept_Ref>Concept_ctx_10</Concept_Ref>
				</UpperCovers>
			</Concept>
			<Concept>
				<ID>Concept_ctx_1</ID>
				<Extent>
					<Object_Ref>uhub</Object_Ref>
				</Extent>
				<Intent>
					<Attribute_Ref>plugin:={c}</Attribute_Ref>
					<Attribute_Ref>encryption</Attribute_Ref>
					<Attribute_Ref>ipv6</Attribute_Ref>
					<Attribute_Ref>adc support:={tigr,adcs}</Attribute_Ref>
					<Attribute_Ref>adc support:={tigr,ping,adcs}</Attribute_Ref>
					<Attribute_Ref>adc support:={tigr}</Attribute_Ref>
					<Attribute_Ref>hash algorithms:={tiger tree hash}</Attribute_Ref>
				</Intent>
				<UpperCovers>
					<Concept_Ref>Concept_ctx_6</Concept_Ref>
				</UpperCovers>
			</Concept>
			<Concept>
				<ID>Concept_ctx_7</ID>
				<Extent>
					<Object_Ref>adch++</Object_Ref>
					<Object_Ref>luadch</Object_Ref>
				</Extent>
				<Intent>
					<Attribute_Ref>encryption</Attribute_Ref>
					<Attribute_Ref>plugin:={lua}</Attribute_Ref>
					<Attribute_Ref>adc support:={tigr,adcs}</Attribute_Ref>
					<Attribute_Ref>adc support:={tigr,ping,adcs}</Attribute_Ref>
					<Attribute_Ref>adc support:={tigr}</Attribute_Ref>
					<Attribute_Ref>hash algorithms:={tiger tree hash}</Attribute_Ref>
				</Intent>
				<UpperCovers>
					<Concept_Ref>Concept_ctx_10</Concept_Ref>
				</UpperCovers>
			</Concept>
			<Concept>
				<ID>Concept_ctx_4</ID>
				<Extent>
					<Object_Ref>dshub</Object_Ref>
				</Extent>
				<Intent>
					<Attribute_Ref>encryption</Attribute_Ref>
					<Attribute_Ref>adc support:={tigr,adcs}</Attribute_Ref>
					<Attribute_Ref>adc support:={tigr,ping,adcs}</Attribute_Ref>
					<Attribute_Ref>plugin:={python,java}</Attribute_Ref>
					<Attribute_Ref>adc support:={tigr}</Attribute_Ref>
					<Attribute_Ref>plugin:={python}</Attribute_Ref>
					<Attribute_Ref>hash algorithms:={tiger tree hash}</Attribute_Ref>
				</Intent>
				<UpperCovers>
					<Concept_Ref>Concept_ctx_9</Concept_Ref>
				</UpperCovers>
			</Concept>
			<Concept>
				<ID>Concept_ctx_8</ID>
				<Extent>
					<Object_Ref>adch++</Object_Ref>
					<Object_Ref>adch++ gui</Object_Ref>
				</Extent>
				<Intent>
					<Attribute_Ref>bloom filter</Attribute_Ref>
					<Attribute_Ref>encryption</Attribute_Ref>
					<Attribute_Ref>adc support:={tigr,adcs}</Attribute_Ref>
					<Attribute_Ref>adc support:={tigr,ping,adcs}</Attribute_Ref>
					<Attribute_Ref>adc support:={tigr}</Attribute_Ref>
					<Attribute_Ref>plugin:={python}</Attribute_Ref>
					<Attribute_Ref>hash algorithms:={tiger tree hash}</Attribute_Ref>
				</Intent>
				<UpperCovers>
					<Concept_Ref>Concept_ctx_9</Concept_Ref>
				</UpperCovers>
			</Concept>
			<Concept>
				<ID>Concept_ctx_10</ID>
				<Extent>
					<Object_Ref>adch++</Object_Ref>
					<Object_Ref>adch++ gui</Object_Ref>
					<Object_Ref>dshub</Object_Ref>
					<Object_Ref>flexhub</Object_Ref>
					<Object_Ref>luadch</Object_Ref>
					<Object_Ref>uhub</Object_Ref>
				</Extent>
				<Intent>
					<Attribute_Ref>encryption</Attribute_Ref>
					<Attribute_Ref>adc support:={tigr,adcs}</Attribute_Ref>
					<Attribute_Ref>adc support:={tigr,ping,adcs}</Attribute_Ref>
					<Attribute_Ref>adc support:={tigr}</Attribute_Ref>
					<Attribute_Ref>hash algorithms:={tiger tree hash}</Attribute_Ref>
				</Intent>
				<UpperCovers>
					<Concept_Ref>Concept_ctx_11</Concept_Ref>
				</UpperCovers>
			</Concept>
			<Concept>
				<ID>Concept_ctx_3</ID>
				<Extent>
					<Object_Ref>luadch</Object_Ref>
				</Extent>
				<Intent>
					<Attribute_Ref>encryption</Attribute_Ref>
					<Attribute_Ref>adc support:={keyp,tigr,ping,sudp,asch,adcs}</Attribute_Ref>
					<Attribute_Ref>plugin:={lua}</Attribute_Ref>
					<Attribute_Ref>adc support:={tigr,adcs}</Attribute_Ref>
					<Attribute_Ref>adc support:={tigr,ping,adcs}</Attribute_Ref>
					<Attribute_Ref>adc support:={tigr}</Attribute_Ref>
					<Attribute_Ref>hash algorithms:={tiger tree hash}</Attribute_Ref>
				</Intent>
				<UpperCovers>
					<Concept_Ref>Concept_ctx_7</Concept_Ref>
				</UpperCovers>
			</Concept>
		</Lattice>
	</Step >
</RCAExplore_Document>
