<RCAExplore_Document>
	<Step nb="0">
		<Lattice numberObj="12" numberAtt="13" numberCpt="21" >
			<Config algo="fca">
			</Config>
			<Name>ctx</Name>
			<Object>adch++</Object>
			<Object>adch++ gui</Object>
			<Object>dshub</Object>
			<Object>flexhub</Object>
			<Object>luadch</Object>
			<Object>luadch gui</Object>
			<Object>nexthub</Object>
			<Object>uhub</Object>
			<Object>erlhub</Object>
			<Object>starlet adc hub</Object>
			<Object>starhub</Object>
			<Object>rushub</Object>
			<Attribute>gui</Attribute>
			<Attribute>cli</Attribute>
			<Attribute>programming language:={c++}</Attribute>
			<Attribute>programming language:={c}</Attribute>
			<Attribute>programming language:={java}</Attribute>
			<Attribute>programming language:={c-sharp}</Attribute>
			<Attribute>programming language:={lua}</Attribute>
			<Attribute>programming language:={erlang}</Attribute>
			<Attribute>programming language:={python}</Attribute>
			<Attribute>programming language:={c++,python}</Attribute>
			<Attribute>programming language:={c++,lua}</Attribute>
			<Attribute>programming language:={python,java}</Attribute>
			<Attribute>programming language:={c++,python,lua,ruby}</Attribute>
			<Concept>
				<ID>Concept_ctx_20</ID>
				<Extent>
					<Object_Ref>adch++</Object_Ref>
					<Object_Ref>adch++ gui</Object_Ref>
					<Object_Ref>dshub</Object_Ref>
					<Object_Ref>flexhub</Object_Ref>
					<Object_Ref>luadch</Object_Ref>
					<Object_Ref>luadch gui</Object_Ref>
					<Object_Ref>nexthub</Object_Ref>
					<Object_Ref>uhub</Object_Ref>
					<Object_Ref>erlhub</Object_Ref>
					<Object_Ref>starlet adc hub</Object_Ref>
					<Object_Ref>starhub</Object_Ref>
					<Object_Ref>rushub</Object_Ref>
				</Extent>
				<Intent>
				</Intent>
				<UpperCovers>
				</UpperCovers>
			</Concept>
			<Concept>
				<ID>Concept_ctx_18</ID>
				<Extent>
					<Object_Ref>adch++ gui</Object_Ref>
					<Object_Ref>dshub</Object_Ref>
					<Object_Ref>luadch gui</Object_Ref>
					<Object_Ref>nexthub</Object_Ref>
					<Object_Ref>starhub</Object_Ref>
				</Extent>
				<Intent>
					<Attribute_Ref>gui</Attribute_Ref>
				</Intent>
				<UpperCovers>
					<Concept_Ref>Concept_ctx_20</Concept_Ref>
				</UpperCovers>
			</Concept>
			<Concept>
				<ID>Concept_ctx_4</ID>
				<Extent>
					<Object_Ref>dshub</Object_Ref>
				</Extent>
				<Intent>
					<Attribute_Ref>programming language:={python,java}</Attribute_Ref>
					<Attribute_Ref>cli</Attribute_Ref>
					<Attribute_Ref>programming language:={java}</Attribute_Ref>
					<Attribute_Ref>gui</Attribute_Ref>
					<Attribute_Ref>programming language:={python}</Attribute_Ref>
				</Intent>
				<UpperCovers>
					<Concept_Ref>Concept_ctx_11</Concept_Ref>
					<Concept_Ref>Concept_ctx_9</Concept_Ref>
					<Concept_Ref>Concept_ctx_8</Concept_Ref>
				</UpperCovers>
			</Concept>
			<Concept>
				<ID>Concept_ctx_19</ID>
				<Extent>
					<Object_Ref>adch++</Object_Ref>
					<Object_Ref>dshub</Object_Ref>
					<Object_Ref>flexhub</Object_Ref>
					<Object_Ref>luadch</Object_Ref>
					<Object_Ref>uhub</Object_Ref>
					<Object_Ref>starlet adc hub</Object_Ref>
					<Object_Ref>rushub</Object_Ref>
				</Extent>
				<Intent>
					<Attribute_Ref>cli</Attribute_Ref>
				</Intent>
				<UpperCovers>
					<Concept_Ref>Concept_ctx_20</Concept_Ref>
				</UpperCovers>
			</Concept>
			<Concept>
				<ID>Concept_ctx_0</ID>
				<Extent>
				</Extent>
				<Intent>
					<Attribute_Ref>cli</Attribute_Ref>
					<Attribute_Ref>programming language:={erlang}</Attribute_Ref>
					<Attribute_Ref>programming language:={java}</Attribute_Ref>
					<Attribute_Ref>programming language:={c-sharp}</Attribute_Ref>
					<Attribute_Ref>programming language:={c++,lua}</Attribute_Ref>
					<Attribute_Ref>programming language:={lua}</Attribute_Ref>
					<Attribute_Ref>programming language:={c++,python,lua,ruby}</Attribute_Ref>
					<Attribute_Ref>programming language:={python,java}</Attribute_Ref>
					<Attribute_Ref>programming language:={c}</Attribute_Ref>
					<Attribute_Ref>programming language:={c++,python}</Attribute_Ref>
					<Attribute_Ref>gui</Attribute_Ref>
					<Attribute_Ref>programming language:={c++}</Attribute_Ref>
					<Attribute_Ref>programming language:={python}</Attribute_Ref>
				</Intent>
				<UpperCovers>
					<Concept_Ref>Concept_ctx_5</Concept_Ref>
					<Concept_Ref>Concept_ctx_7</Concept_Ref>
					<Concept_Ref>Concept_ctx_2</Concept_Ref>
					<Concept_Ref>Concept_ctx_3</Concept_Ref>
					<Concept_Ref>Concept_ctx_1</Concept_Ref>
					<Concept_Ref>Concept_ctx_6</Concept_Ref>
					<Concept_Ref>Concept_ctx_4</Concept_Ref>
				</UpperCovers>
			</Concept>
			<Concept>
				<ID>Concept_ctx_13</ID>
				<Extent>
					<Object_Ref>adch++</Object_Ref>
					<Object_Ref>luadch</Object_Ref>
					<Object_Ref>rushub</Object_Ref>
				</Extent>
				<Intent>
					<Attribute_Ref>cli</Attribute_Ref>
					<Attribute_Ref>programming language:={c++}</Attribute_Ref>
				</Intent>
				<UpperCovers>
					<Concept_Ref>Concept_ctx_19</Concept_Ref>
					<Concept_Ref>Concept_ctx_17</Concept_Ref>
				</UpperCovers>
			</Concept>
			<Concept>
				<ID>Concept_ctx_5</ID>
				<Extent>
					<Object_Ref>adch++ gui</Object_Ref>
				</Extent>
				<Intent>
					<Attribute_Ref>programming language:={c++,python}</Attribute_Ref>
					<Attribute_Ref>gui</Attribute_Ref>
					<Attribute_Ref>programming language:={c++}</Attribute_Ref>
					<Attribute_Ref>programming language:={python}</Attribute_Ref>
				</Intent>
				<UpperCovers>
					<Concept_Ref>Concept_ctx_9</Concept_Ref>
					<Concept_Ref>Concept_ctx_12</Concept_Ref>
				</UpperCovers>
			</Concept>
			<Concept>
				<ID>Concept_ctx_17</ID>
				<Extent>
					<Object_Ref>adch++</Object_Ref>
					<Object_Ref>adch++ gui</Object_Ref>
					<Object_Ref>luadch</Object_Ref>
					<Object_Ref>rushub</Object_Ref>
				</Extent>
				<Intent>
					<Attribute_Ref>programming language:={c++}</Attribute_Ref>
				</Intent>
				<UpperCovers>
					<Concept_Ref>Concept_ctx_20</Concept_Ref>
				</UpperCovers>
			</Concept>
			<Concept>
				<ID>Concept_ctx_7</ID>
				<Extent>
					<Object_Ref>uhub</Object_Ref>
					<Object_Ref>starlet adc hub</Object_Ref>
				</Extent>
				<Intent>
					<Attribute_Ref>cli</Attribute_Ref>
					<Attribute_Ref>programming language:={c}</Attribute_Ref>
				</Intent>
				<UpperCovers>
					<Concept_Ref>Concept_ctx_19</Concept_Ref>
				</UpperCovers>
			</Concept>
			<Concept>
				<ID>Concept_ctx_8</ID>
				<Extent>
					<Object_Ref>dshub</Object_Ref>
					<Object_Ref>starhub</Object_Ref>
				</Extent>
				<Intent>
					<Attribute_Ref>programming language:={java}</Attribute_Ref>
					<Attribute_Ref>gui</Attribute_Ref>
				</Intent>
				<UpperCovers>
					<Concept_Ref>Concept_ctx_18</Concept_Ref>
				</UpperCovers>
			</Concept>
			<Concept>
				<ID>Concept_ctx_2</ID>
				<Extent>
					<Object_Ref>nexthub</Object_Ref>
				</Extent>
				<Intent>
					<Attribute_Ref>programming language:={c-sharp}</Attribute_Ref>
					<Attribute_Ref>gui</Attribute_Ref>
				</Intent>
				<UpperCovers>
					<Concept_Ref>Concept_ctx_18</Concept_Ref>
				</UpperCovers>
			</Concept>
			<Concept>
				<ID>Concept_ctx_10</ID>
				<Extent>
					<Object_Ref>adch++</Object_Ref>
					<Object_Ref>luadch</Object_Ref>
				</Extent>
				<Intent>
					<Attribute_Ref>cli</Attribute_Ref>
					<Attribute_Ref>programming language:={c++,lua}</Attribute_Ref>
					<Attribute_Ref>programming language:={lua}</Attribute_Ref>
					<Attribute_Ref>programming language:={c++}</Attribute_Ref>
				</Intent>
				<UpperCovers>
					<Concept_Ref>Concept_ctx_13</Concept_Ref>
					<Concept_Ref>Concept_ctx_14</Concept_Ref>
				</UpperCovers>
			</Concept>
			<Concept>
				<ID>Concept_ctx_14</ID>
				<Extent>
					<Object_Ref>adch++</Object_Ref>
					<Object_Ref>flexhub</Object_Ref>
					<Object_Ref>luadch</Object_Ref>
				</Extent>
				<Intent>
					<Attribute_Ref>cli</Attribute_Ref>
					<Attribute_Ref>programming language:={lua}</Attribute_Ref>
				</Intent>
				<UpperCovers>
					<Concept_Ref>Concept_ctx_19</Concept_Ref>
					<Concept_Ref>Concept_ctx_16</Concept_Ref>
				</UpperCovers>
			</Concept>
			<Concept>
				<ID>Concept_ctx_3</ID>
				<Extent>
					<Object_Ref>luadch gui</Object_Ref>
				</Extent>
				<Intent>
					<Attribute_Ref>gui</Attribute_Ref>
					<Attribute_Ref>programming language:={lua}</Attribute_Ref>
				</Intent>
				<UpperCovers>
					<Concept_Ref>Concept_ctx_16</Concept_Ref>
					<Concept_Ref>Concept_ctx_18</Concept_Ref>
				</UpperCovers>
			</Concept>
			<Concept>
				<ID>Concept_ctx_16</ID>
				<Extent>
					<Object_Ref>adch++</Object_Ref>
					<Object_Ref>flexhub</Object_Ref>
					<Object_Ref>luadch</Object_Ref>
					<Object_Ref>luadch gui</Object_Ref>
				</Extent>
				<Intent>
					<Attribute_Ref>programming language:={lua}</Attribute_Ref>
				</Intent>
				<UpperCovers>
					<Concept_Ref>Concept_ctx_20</Concept_Ref>
				</UpperCovers>
			</Concept>
			<Concept>
				<ID>Concept_ctx_1</ID>
				<Extent>
					<Object_Ref>erlhub</Object_Ref>
				</Extent>
				<Intent>
					<Attribute_Ref>programming language:={erlang}</Attribute_Ref>
				</Intent>
				<UpperCovers>
					<Concept_Ref>Concept_ctx_20</Concept_Ref>
				</UpperCovers>
			</Concept>
			<Concept>
				<ID>Concept_ctx_6</ID>
				<Extent>
					<Object_Ref>adch++</Object_Ref>
				</Extent>
				<Intent>
					<Attribute_Ref>programming language:={c++,python,lua,ruby}</Attribute_Ref>
					<Attribute_Ref>cli</Attribute_Ref>
					<Attribute_Ref>programming language:={c++,lua}</Attribute_Ref>
					<Attribute_Ref>programming language:={c++,python}</Attribute_Ref>
					<Attribute_Ref>programming language:={lua}</Attribute_Ref>
					<Attribute_Ref>programming language:={c++}</Attribute_Ref>
					<Attribute_Ref>programming language:={python}</Attribute_Ref>
				</Intent>
				<UpperCovers>
					<Concept_Ref>Concept_ctx_10</Concept_Ref>
					<Concept_Ref>Concept_ctx_11</Concept_Ref>
					<Concept_Ref>Concept_ctx_12</Concept_Ref>
				</UpperCovers>
			</Concept>
			<Concept>
				<ID>Concept_ctx_11</ID>
				<Extent>
					<Object_Ref>adch++</Object_Ref>
					<Object_Ref>dshub</Object_Ref>
				</Extent>
				<Intent>
					<Attribute_Ref>cli</Attribute_Ref>
					<Attribute_Ref>programming language:={python}</Attribute_Ref>
				</Intent>
				<UpperCovers>
					<Concept_Ref>Concept_ctx_19</Concept_Ref>
					<Concept_Ref>Concept_ctx_15</Concept_Ref>
				</UpperCovers>
			</Concept>
			<Concept>
				<ID>Concept_ctx_12</ID>
				<Extent>
					<Object_Ref>adch++</Object_Ref>
					<Object_Ref>adch++ gui</Object_Ref>
				</Extent>
				<Intent>
					<Attribute_Ref>programming language:={c++,python}</Attribute_Ref>
					<Attribute_Ref>programming language:={c++}</Attribute_Ref>
					<Attribute_Ref>programming language:={python}</Attribute_Ref>
				</Intent>
				<UpperCovers>
					<Concept_Ref>Concept_ctx_17</Concept_Ref>
					<Concept_Ref>Concept_ctx_15</Concept_Ref>
				</UpperCovers>
			</Concept>
			<Concept>
				<ID>Concept_ctx_9</ID>
				<Extent>
					<Object_Ref>adch++ gui</Object_Ref>
					<Object_Ref>dshub</Object_Ref>
				</Extent>
				<Intent>
					<Attribute_Ref>gui</Attribute_Ref>
					<Attribute_Ref>programming language:={python}</Attribute_Ref>
				</Intent>
				<UpperCovers>
					<Concept_Ref>Concept_ctx_18</Concept_Ref>
					<Concept_Ref>Concept_ctx_15</Concept_Ref>
				</UpperCovers>
			</Concept>
			<Concept>
				<ID>Concept_ctx_15</ID>
				<Extent>
					<Object_Ref>adch++</Object_Ref>
					<Object_Ref>adch++ gui</Object_Ref>
					<Object_Ref>dshub</Object_Ref>
				</Extent>
				<Intent>
					<Attribute_Ref>programming language:={python}</Attribute_Ref>
				</Intent>
				<UpperCovers>
					<Concept_Ref>Concept_ctx_20</Concept_Ref>
				</UpperCovers>
			</Concept>
		</Lattice>
	</Step >
	<Step nb="1">
		<Lattice numberObj="12" numberAtt="13" numberCpt="21" >
			<Config algo="fca">
			</Config>
			<Name>ctx</Name>
			<Object>adch++</Object>
			<Object>adch++ gui</Object>
			<Object>dshub</Object>
			<Object>flexhub</Object>
			<Object>luadch</Object>
			<Object>luadch gui</Object>
			<Object>nexthub</Object>
			<Object>uhub</Object>
			<Object>erlhub</Object>
			<Object>starlet adc hub</Object>
			<Object>starhub</Object>
			<Object>rushub</Object>
			<Attribute>gui</Attribute>
			<Attribute>cli</Attribute>
			<Attribute>programming language:={c++}</Attribute>
			<Attribute>programming language:={c}</Attribute>
			<Attribute>programming language:={java}</Attribute>
			<Attribute>programming language:={c-sharp}</Attribute>
			<Attribute>programming language:={lua}</Attribute>
			<Attribute>programming language:={erlang}</Attribute>
			<Attribute>programming language:={python}</Attribute>
			<Attribute>programming language:={c++,python}</Attribute>
			<Attribute>programming language:={c++,lua}</Attribute>
			<Attribute>programming language:={python,java}</Attribute>
			<Attribute>programming language:={c++,python,lua,ruby}</Attribute>
			<Concept>
				<ID>Concept_ctx_20</ID>
				<Extent>
					<Object_Ref>adch++</Object_Ref>
					<Object_Ref>adch++ gui</Object_Ref>
					<Object_Ref>dshub</Object_Ref>
					<Object_Ref>flexhub</Object_Ref>
					<Object_Ref>luadch</Object_Ref>
					<Object_Ref>luadch gui</Object_Ref>
					<Object_Ref>nexthub</Object_Ref>
					<Object_Ref>uhub</Object_Ref>
					<Object_Ref>erlhub</Object_Ref>
					<Object_Ref>starlet adc hub</Object_Ref>
					<Object_Ref>starhub</Object_Ref>
					<Object_Ref>rushub</Object_Ref>
				</Extent>
				<Intent>
				</Intent>
				<UpperCovers>
				</UpperCovers>
			</Concept>
			<Concept>
				<ID>Concept_ctx_18</ID>
				<Extent>
					<Object_Ref>adch++ gui</Object_Ref>
					<Object_Ref>dshub</Object_Ref>
					<Object_Ref>luadch gui</Object_Ref>
					<Object_Ref>nexthub</Object_Ref>
					<Object_Ref>starhub</Object_Ref>
				</Extent>
				<Intent>
					<Attribute_Ref>gui</Attribute_Ref>
				</Intent>
				<UpperCovers>
					<Concept_Ref>Concept_ctx_20</Concept_Ref>
				</UpperCovers>
			</Concept>
			<Concept>
				<ID>Concept_ctx_4</ID>
				<Extent>
					<Object_Ref>dshub</Object_Ref>
				</Extent>
				<Intent>
					<Attribute_Ref>programming language:={python,java}</Attribute_Ref>
					<Attribute_Ref>cli</Attribute_Ref>
					<Attribute_Ref>programming language:={java}</Attribute_Ref>
					<Attribute_Ref>gui</Attribute_Ref>
					<Attribute_Ref>programming language:={python}</Attribute_Ref>
				</Intent>
				<UpperCovers>
					<Concept_Ref>Concept_ctx_11</Concept_Ref>
					<Concept_Ref>Concept_ctx_9</Concept_Ref>
					<Concept_Ref>Concept_ctx_8</Concept_Ref>
				</UpperCovers>
			</Concept>
			<Concept>
				<ID>Concept_ctx_19</ID>
				<Extent>
					<Object_Ref>adch++</Object_Ref>
					<Object_Ref>dshub</Object_Ref>
					<Object_Ref>flexhub</Object_Ref>
					<Object_Ref>luadch</Object_Ref>
					<Object_Ref>uhub</Object_Ref>
					<Object_Ref>starlet adc hub</Object_Ref>
					<Object_Ref>rushub</Object_Ref>
				</Extent>
				<Intent>
					<Attribute_Ref>cli</Attribute_Ref>
				</Intent>
				<UpperCovers>
					<Concept_Ref>Concept_ctx_20</Concept_Ref>
				</UpperCovers>
			</Concept>
			<Concept>
				<ID>Concept_ctx_0</ID>
				<Extent>
				</Extent>
				<Intent>
					<Attribute_Ref>cli</Attribute_Ref>
					<Attribute_Ref>programming language:={erlang}</Attribute_Ref>
					<Attribute_Ref>programming language:={java}</Attribute_Ref>
					<Attribute_Ref>programming language:={c-sharp}</Attribute_Ref>
					<Attribute_Ref>programming language:={c++,lua}</Attribute_Ref>
					<Attribute_Ref>programming language:={lua}</Attribute_Ref>
					<Attribute_Ref>programming language:={c++,python,lua,ruby}</Attribute_Ref>
					<Attribute_Ref>programming language:={python,java}</Attribute_Ref>
					<Attribute_Ref>programming language:={c}</Attribute_Ref>
					<Attribute_Ref>programming language:={c++,python}</Attribute_Ref>
					<Attribute_Ref>gui</Attribute_Ref>
					<Attribute_Ref>programming language:={c++}</Attribute_Ref>
					<Attribute_Ref>programming language:={python}</Attribute_Ref>
				</Intent>
				<UpperCovers>
					<Concept_Ref>Concept_ctx_5</Concept_Ref>
					<Concept_Ref>Concept_ctx_7</Concept_Ref>
					<Concept_Ref>Concept_ctx_2</Concept_Ref>
					<Concept_Ref>Concept_ctx_3</Concept_Ref>
					<Concept_Ref>Concept_ctx_1</Concept_Ref>
					<Concept_Ref>Concept_ctx_6</Concept_Ref>
					<Concept_Ref>Concept_ctx_4</Concept_Ref>
				</UpperCovers>
			</Concept>
			<Concept>
				<ID>Concept_ctx_13</ID>
				<Extent>
					<Object_Ref>adch++</Object_Ref>
					<Object_Ref>luadch</Object_Ref>
					<Object_Ref>rushub</Object_Ref>
				</Extent>
				<Intent>
					<Attribute_Ref>cli</Attribute_Ref>
					<Attribute_Ref>programming language:={c++}</Attribute_Ref>
				</Intent>
				<UpperCovers>
					<Concept_Ref>Concept_ctx_19</Concept_Ref>
					<Concept_Ref>Concept_ctx_17</Concept_Ref>
				</UpperCovers>
			</Concept>
			<Concept>
				<ID>Concept_ctx_5</ID>
				<Extent>
					<Object_Ref>adch++ gui</Object_Ref>
				</Extent>
				<Intent>
					<Attribute_Ref>programming language:={c++,python}</Attribute_Ref>
					<Attribute_Ref>gui</Attribute_Ref>
					<Attribute_Ref>programming language:={c++}</Attribute_Ref>
					<Attribute_Ref>programming language:={python}</Attribute_Ref>
				</Intent>
				<UpperCovers>
					<Concept_Ref>Concept_ctx_9</Concept_Ref>
					<Concept_Ref>Concept_ctx_12</Concept_Ref>
				</UpperCovers>
			</Concept>
			<Concept>
				<ID>Concept_ctx_17</ID>
				<Extent>
					<Object_Ref>adch++</Object_Ref>
					<Object_Ref>adch++ gui</Object_Ref>
					<Object_Ref>luadch</Object_Ref>
					<Object_Ref>rushub</Object_Ref>
				</Extent>
				<Intent>
					<Attribute_Ref>programming language:={c++}</Attribute_Ref>
				</Intent>
				<UpperCovers>
					<Concept_Ref>Concept_ctx_20</Concept_Ref>
				</UpperCovers>
			</Concept>
			<Concept>
				<ID>Concept_ctx_7</ID>
				<Extent>
					<Object_Ref>uhub</Object_Ref>
					<Object_Ref>starlet adc hub</Object_Ref>
				</Extent>
				<Intent>
					<Attribute_Ref>cli</Attribute_Ref>
					<Attribute_Ref>programming language:={c}</Attribute_Ref>
				</Intent>
				<UpperCovers>
					<Concept_Ref>Concept_ctx_19</Concept_Ref>
				</UpperCovers>
			</Concept>
			<Concept>
				<ID>Concept_ctx_8</ID>
				<Extent>
					<Object_Ref>dshub</Object_Ref>
					<Object_Ref>starhub</Object_Ref>
				</Extent>
				<Intent>
					<Attribute_Ref>programming language:={java}</Attribute_Ref>
					<Attribute_Ref>gui</Attribute_Ref>
				</Intent>
				<UpperCovers>
					<Concept_Ref>Concept_ctx_18</Concept_Ref>
				</UpperCovers>
			</Concept>
			<Concept>
				<ID>Concept_ctx_2</ID>
				<Extent>
					<Object_Ref>nexthub</Object_Ref>
				</Extent>
				<Intent>
					<Attribute_Ref>programming language:={c-sharp}</Attribute_Ref>
					<Attribute_Ref>gui</Attribute_Ref>
				</Intent>
				<UpperCovers>
					<Concept_Ref>Concept_ctx_18</Concept_Ref>
				</UpperCovers>
			</Concept>
			<Concept>
				<ID>Concept_ctx_10</ID>
				<Extent>
					<Object_Ref>adch++</Object_Ref>
					<Object_Ref>luadch</Object_Ref>
				</Extent>
				<Intent>
					<Attribute_Ref>cli</Attribute_Ref>
					<Attribute_Ref>programming language:={c++,lua}</Attribute_Ref>
					<Attribute_Ref>programming language:={lua}</Attribute_Ref>
					<Attribute_Ref>programming language:={c++}</Attribute_Ref>
				</Intent>
				<UpperCovers>
					<Concept_Ref>Concept_ctx_13</Concept_Ref>
					<Concept_Ref>Concept_ctx_14</Concept_Ref>
				</UpperCovers>
			</Concept>
			<Concept>
				<ID>Concept_ctx_14</ID>
				<Extent>
					<Object_Ref>adch++</Object_Ref>
					<Object_Ref>flexhub</Object_Ref>
					<Object_Ref>luadch</Object_Ref>
				</Extent>
				<Intent>
					<Attribute_Ref>cli</Attribute_Ref>
					<Attribute_Ref>programming language:={lua}</Attribute_Ref>
				</Intent>
				<UpperCovers>
					<Concept_Ref>Concept_ctx_19</Concept_Ref>
					<Concept_Ref>Concept_ctx_16</Concept_Ref>
				</UpperCovers>
			</Concept>
			<Concept>
				<ID>Concept_ctx_3</ID>
				<Extent>
					<Object_Ref>luadch gui</Object_Ref>
				</Extent>
				<Intent>
					<Attribute_Ref>gui</Attribute_Ref>
					<Attribute_Ref>programming language:={lua}</Attribute_Ref>
				</Intent>
				<UpperCovers>
					<Concept_Ref>Concept_ctx_16</Concept_Ref>
					<Concept_Ref>Concept_ctx_18</Concept_Ref>
				</UpperCovers>
			</Concept>
			<Concept>
				<ID>Concept_ctx_16</ID>
				<Extent>
					<Object_Ref>adch++</Object_Ref>
					<Object_Ref>flexhub</Object_Ref>
					<Object_Ref>luadch</Object_Ref>
					<Object_Ref>luadch gui</Object_Ref>
				</Extent>
				<Intent>
					<Attribute_Ref>programming language:={lua}</Attribute_Ref>
				</Intent>
				<UpperCovers>
					<Concept_Ref>Concept_ctx_20</Concept_Ref>
				</UpperCovers>
			</Concept>
			<Concept>
				<ID>Concept_ctx_1</ID>
				<Extent>
					<Object_Ref>erlhub</Object_Ref>
				</Extent>
				<Intent>
					<Attribute_Ref>programming language:={erlang}</Attribute_Ref>
				</Intent>
				<UpperCovers>
					<Concept_Ref>Concept_ctx_20</Concept_Ref>
				</UpperCovers>
			</Concept>
			<Concept>
				<ID>Concept_ctx_6</ID>
				<Extent>
					<Object_Ref>adch++</Object_Ref>
				</Extent>
				<Intent>
					<Attribute_Ref>programming language:={c++,python,lua,ruby}</Attribute_Ref>
					<Attribute_Ref>cli</Attribute_Ref>
					<Attribute_Ref>programming language:={c++,lua}</Attribute_Ref>
					<Attribute_Ref>programming language:={c++,python}</Attribute_Ref>
					<Attribute_Ref>programming language:={lua}</Attribute_Ref>
					<Attribute_Ref>programming language:={c++}</Attribute_Ref>
					<Attribute_Ref>programming language:={python}</Attribute_Ref>
				</Intent>
				<UpperCovers>
					<Concept_Ref>Concept_ctx_10</Concept_Ref>
					<Concept_Ref>Concept_ctx_11</Concept_Ref>
					<Concept_Ref>Concept_ctx_12</Concept_Ref>
				</UpperCovers>
			</Concept>
			<Concept>
				<ID>Concept_ctx_11</ID>
				<Extent>
					<Object_Ref>adch++</Object_Ref>
					<Object_Ref>dshub</Object_Ref>
				</Extent>
				<Intent>
					<Attribute_Ref>cli</Attribute_Ref>
					<Attribute_Ref>programming language:={python}</Attribute_Ref>
				</Intent>
				<UpperCovers>
					<Concept_Ref>Concept_ctx_19</Concept_Ref>
					<Concept_Ref>Concept_ctx_15</Concept_Ref>
				</UpperCovers>
			</Concept>
			<Concept>
				<ID>Concept_ctx_12</ID>
				<Extent>
					<Object_Ref>adch++</Object_Ref>
					<Object_Ref>adch++ gui</Object_Ref>
				</Extent>
				<Intent>
					<Attribute_Ref>programming language:={c++,python}</Attribute_Ref>
					<Attribute_Ref>programming language:={c++}</Attribute_Ref>
					<Attribute_Ref>programming language:={python}</Attribute_Ref>
				</Intent>
				<UpperCovers>
					<Concept_Ref>Concept_ctx_17</Concept_Ref>
					<Concept_Ref>Concept_ctx_15</Concept_Ref>
				</UpperCovers>
			</Concept>
			<Concept>
				<ID>Concept_ctx_9</ID>
				<Extent>
					<Object_Ref>adch++ gui</Object_Ref>
					<Object_Ref>dshub</Object_Ref>
				</Extent>
				<Intent>
					<Attribute_Ref>gui</Attribute_Ref>
					<Attribute_Ref>programming language:={python}</Attribute_Ref>
				</Intent>
				<UpperCovers>
					<Concept_Ref>Concept_ctx_18</Concept_Ref>
					<Concept_Ref>Concept_ctx_15</Concept_Ref>
				</UpperCovers>
			</Concept>
			<Concept>
				<ID>Concept_ctx_15</ID>
				<Extent>
					<Object_Ref>adch++</Object_Ref>
					<Object_Ref>adch++ gui</Object_Ref>
					<Object_Ref>dshub</Object_Ref>
				</Extent>
				<Intent>
					<Attribute_Ref>programming language:={python}</Attribute_Ref>
				</Intent>
				<UpperCovers>
					<Concept_Ref>Concept_ctx_20</Concept_Ref>
				</UpperCovers>
			</Concept>
		</Lattice>
	</Step >
</RCAExplore_Document>
