<RCAExplore_Document>
	<Step nb="0">
		<Lattice numberObj="11" numberAtt="12" numberCpt="14" >
			<Config algo="fca">
			</Config>
			<Name>ctx</Name>
			<Object>adch++</Object>
			<Object>adch++ gui</Object>
			<Object>dshub</Object>
			<Object>flexhub</Object>
			<Object>luadch</Object>
			<Object>nexthub</Object>
			<Object>uhub</Object>
			<Object>erlhub</Object>
			<Object>starlet adc hub</Object>
			<Object>starhub</Object>
			<Object>rushub</Object>
			<Attribute>windows</Attribute>
			<Attribute>linux</Attribute>
			<Attribute>os x</Attribute>
			<Attribute>other:={java enabled platform}</Attribute>
			<Attribute>other:={openvms}</Attribute>
			<Attribute>other:={python enabled platform}</Attribute>
			<Attribute>other:={c# enabled platform}</Attribute>
			<Attribute>other:={erlang enabled platform}</Attribute>
			<Attribute>other:={solaris}</Attribute>
			<Attribute>other:={freebsd,solaris}</Attribute>
			<Attribute>other:={synology nas,gcc enabled platform,raspberry pi}</Attribute>
			<Attribute>other:={bsd,openwrt,haiku,solaris}</Attribute>
			<Concept>
				<ID>Concept_ctx_13</ID>
				<Extent>
					<Object_Ref>adch++</Object_Ref>
					<Object_Ref>adch++ gui</Object_Ref>
					<Object_Ref>dshub</Object_Ref>
					<Object_Ref>flexhub</Object_Ref>
					<Object_Ref>luadch</Object_Ref>
					<Object_Ref>nexthub</Object_Ref>
					<Object_Ref>uhub</Object_Ref>
					<Object_Ref>erlhub</Object_Ref>
					<Object_Ref>starlet adc hub</Object_Ref>
					<Object_Ref>starhub</Object_Ref>
					<Object_Ref>rushub</Object_Ref>
				</Extent>
				<Intent>
				</Intent>
				<UpperCovers>
				</UpperCovers>
			</Concept>
			<Concept>
				<ID>Concept_ctx_12</ID>
				<Extent>
					<Object_Ref>adch++</Object_Ref>
					<Object_Ref>adch++ gui</Object_Ref>
					<Object_Ref>dshub</Object_Ref>
					<Object_Ref>flexhub</Object_Ref>
					<Object_Ref>luadch</Object_Ref>
					<Object_Ref>nexthub</Object_Ref>
					<Object_Ref>uhub</Object_Ref>
					<Object_Ref>erlhub</Object_Ref>
					<Object_Ref>starhub</Object_Ref>
					<Object_Ref>rushub</Object_Ref>
				</Extent>
				<Intent>
					<Attribute_Ref>windows</Attribute_Ref>
				</Intent>
				<UpperCovers>
					<Concept_Ref>Concept_ctx_13</Concept_Ref>
				</UpperCovers>
			</Concept>
			<Concept>
				<ID>Concept_ctx_11</ID>
				<Extent>
					<Object_Ref>adch++</Object_Ref>
					<Object_Ref>adch++ gui</Object_Ref>
					<Object_Ref>dshub</Object_Ref>
					<Object_Ref>flexhub</Object_Ref>
					<Object_Ref>luadch</Object_Ref>
					<Object_Ref>uhub</Object_Ref>
					<Object_Ref>erlhub</Object_Ref>
					<Object_Ref>starhub</Object_Ref>
					<Object_Ref>rushub</Object_Ref>
				</Extent>
				<Intent>
					<Attribute_Ref>linux</Attribute_Ref>
					<Attribute_Ref>windows</Attribute_Ref>
				</Intent>
				<UpperCovers>
					<Concept_Ref>Concept_ctx_12</Concept_Ref>
				</UpperCovers>
			</Concept>
			<Concept>
				<ID>Concept_ctx_10</ID>
				<Extent>
					<Object_Ref>dshub</Object_Ref>
					<Object_Ref>luadch</Object_Ref>
					<Object_Ref>uhub</Object_Ref>
					<Object_Ref>erlhub</Object_Ref>
					<Object_Ref>starhub</Object_Ref>
					<Object_Ref>rushub</Object_Ref>
				</Extent>
				<Intent>
					<Attribute_Ref>linux</Attribute_Ref>
					<Attribute_Ref>os x</Attribute_Ref>
					<Attribute_Ref>windows</Attribute_Ref>
				</Intent>
				<UpperCovers>
					<Concept_Ref>Concept_ctx_11</Concept_Ref>
				</UpperCovers>
			</Concept>
			<Concept>
				<ID>Concept_ctx_9</ID>
				<Extent>
					<Object_Ref>dshub</Object_Ref>
					<Object_Ref>starhub</Object_Ref>
				</Extent>
				<Intent>
					<Attribute_Ref>linux</Attribute_Ref>
					<Attribute_Ref>os x</Attribute_Ref>
					<Attribute_Ref>windows</Attribute_Ref>
					<Attribute_Ref>other:={java enabled platform}</Attribute_Ref>
				</Intent>
				<UpperCovers>
					<Concept_Ref>Concept_ctx_10</Concept_Ref>
				</UpperCovers>
			</Concept>
			<Concept>
				<ID>Concept_ctx_0</ID>
				<Extent>
				</Extent>
				<Intent>
					<Attribute_Ref>other:={bsd,openwrt,haiku,solaris}</Attribute_Ref>
					<Attribute_Ref>other:={synology nas,gcc enabled platform,raspberry pi}</Attribute_Ref>
					<Attribute_Ref>other:={python enabled platform}</Attribute_Ref>
					<Attribute_Ref>other:={freebsd,solaris}</Attribute_Ref>
					<Attribute_Ref>linux</Attribute_Ref>
					<Attribute_Ref>other:={erlang enabled platform}</Attribute_Ref>
					<Attribute_Ref>os x</Attribute_Ref>
					<Attribute_Ref>other:={c# enabled platform}</Attribute_Ref>
					<Attribute_Ref>other:={openvms}</Attribute_Ref>
					<Attribute_Ref>other:={solaris}</Attribute_Ref>
					<Attribute_Ref>windows</Attribute_Ref>
					<Attribute_Ref>other:={java enabled platform}</Attribute_Ref>
				</Intent>
				<UpperCovers>
					<Concept_Ref>Concept_ctx_7</Concept_Ref>
					<Concept_Ref>Concept_ctx_2</Concept_Ref>
					<Concept_Ref>Concept_ctx_5</Concept_Ref>
					<Concept_Ref>Concept_ctx_3</Concept_Ref>
					<Concept_Ref>Concept_ctx_1</Concept_Ref>
					<Concept_Ref>Concept_ctx_6</Concept_Ref>
					<Concept_Ref>Concept_ctx_4</Concept_Ref>
					<Concept_Ref>Concept_ctx_9</Concept_Ref>
				</UpperCovers>
			</Concept>
			<Concept>
				<ID>Concept_ctx_2</ID>
				<Extent>
					<Object_Ref>starlet adc hub</Object_Ref>
				</Extent>
				<Intent>
					<Attribute_Ref>other:={openvms}</Attribute_Ref>
				</Intent>
				<UpperCovers>
					<Concept_Ref>Concept_ctx_13</Concept_Ref>
				</UpperCovers>
			</Concept>
			<Concept>
				<ID>Concept_ctx_7</ID>
				<Extent>
					<Object_Ref>adch++ gui</Object_Ref>
				</Extent>
				<Intent>
					<Attribute_Ref>other:={python enabled platform}</Attribute_Ref>
					<Attribute_Ref>linux</Attribute_Ref>
					<Attribute_Ref>windows</Attribute_Ref>
				</Intent>
				<UpperCovers>
					<Concept_Ref>Concept_ctx_11</Concept_Ref>
				</UpperCovers>
			</Concept>
			<Concept>
				<ID>Concept_ctx_5</ID>
				<Extent>
					<Object_Ref>nexthub</Object_Ref>
				</Extent>
				<Intent>
					<Attribute_Ref>other:={c# enabled platform}</Attribute_Ref>
					<Attribute_Ref>windows</Attribute_Ref>
				</Intent>
				<UpperCovers>
					<Concept_Ref>Concept_ctx_12</Concept_Ref>
				</UpperCovers>
			</Concept>
			<Concept>
				<ID>Concept_ctx_3</ID>
				<Extent>
					<Object_Ref>erlhub</Object_Ref>
				</Extent>
				<Intent>
					<Attribute_Ref>linux</Attribute_Ref>
					<Attribute_Ref>other:={erlang enabled platform}</Attribute_Ref>
					<Attribute_Ref>os x</Attribute_Ref>
					<Attribute_Ref>windows</Attribute_Ref>
				</Intent>
				<UpperCovers>
					<Concept_Ref>Concept_ctx_10</Concept_Ref>
				</UpperCovers>
			</Concept>
			<Concept>
				<ID>Concept_ctx_8</ID>
				<Extent>
					<Object_Ref>uhub</Object_Ref>
					<Object_Ref>rushub</Object_Ref>
				</Extent>
				<Intent>
					<Attribute_Ref>linux</Attribute_Ref>
					<Attribute_Ref>os x</Attribute_Ref>
					<Attribute_Ref>other:={solaris}</Attribute_Ref>
					<Attribute_Ref>windows</Attribute_Ref>
				</Intent>
				<UpperCovers>
					<Concept_Ref>Concept_ctx_10</Concept_Ref>
				</UpperCovers>
			</Concept>
			<Concept>
				<ID>Concept_ctx_1</ID>
				<Extent>
					<Object_Ref>rushub</Object_Ref>
				</Extent>
				<Intent>
					<Attribute_Ref>other:={freebsd,solaris}</Attribute_Ref>
					<Attribute_Ref>linux</Attribute_Ref>
					<Attribute_Ref>os x</Attribute_Ref>
					<Attribute_Ref>other:={solaris}</Attribute_Ref>
					<Attribute_Ref>windows</Attribute_Ref>
				</Intent>
				<UpperCovers>
					<Concept_Ref>Concept_ctx_8</Concept_Ref>
				</UpperCovers>
			</Concept>
			<Concept>
				<ID>Concept_ctx_6</ID>
				<Extent>
					<Object_Ref>luadch</Object_Ref>
				</Extent>
				<Intent>
					<Attribute_Ref>other:={synology nas,gcc enabled platform,raspberry pi}</Attribute_Ref>
					<Attribute_Ref>linux</Attribute_Ref>
					<Attribute_Ref>os x</Attribute_Ref>
					<Attribute_Ref>windows</Attribute_Ref>
				</Intent>
				<UpperCovers>
					<Concept_Ref>Concept_ctx_10</Concept_Ref>
				</UpperCovers>
			</Concept>
			<Concept>
				<ID>Concept_ctx_4</ID>
				<Extent>
					<Object_Ref>uhub</Object_Ref>
				</Extent>
				<Intent>
					<Attribute_Ref>other:={bsd,openwrt,haiku,solaris}</Attribute_Ref>
					<Attribute_Ref>linux</Attribute_Ref>
					<Attribute_Ref>os x</Attribute_Ref>
					<Attribute_Ref>other:={solaris}</Attribute_Ref>
					<Attribute_Ref>windows</Attribute_Ref>
				</Intent>
				<UpperCovers>
					<Concept_Ref>Concept_ctx_8</Concept_Ref>
				</UpperCovers>
			</Concept>
		</Lattice>
	</Step >
	<Step nb="1">
		<Lattice numberObj="11" numberAtt="12" numberCpt="14" >
			<Config algo="fca">
			</Config>
			<Name>ctx</Name>
			<Object>adch++</Object>
			<Object>adch++ gui</Object>
			<Object>dshub</Object>
			<Object>flexhub</Object>
			<Object>luadch</Object>
			<Object>nexthub</Object>
			<Object>uhub</Object>
			<Object>erlhub</Object>
			<Object>starlet adc hub</Object>
			<Object>starhub</Object>
			<Object>rushub</Object>
			<Attribute>windows</Attribute>
			<Attribute>linux</Attribute>
			<Attribute>os x</Attribute>
			<Attribute>other:={java enabled platform}</Attribute>
			<Attribute>other:={openvms}</Attribute>
			<Attribute>other:={python enabled platform}</Attribute>
			<Attribute>other:={c# enabled platform}</Attribute>
			<Attribute>other:={erlang enabled platform}</Attribute>
			<Attribute>other:={solaris}</Attribute>
			<Attribute>other:={freebsd,solaris}</Attribute>
			<Attribute>other:={synology nas,gcc enabled platform,raspberry pi}</Attribute>
			<Attribute>other:={bsd,openwrt,haiku,solaris}</Attribute>
			<Concept>
				<ID>Concept_ctx_13</ID>
				<Extent>
					<Object_Ref>adch++</Object_Ref>
					<Object_Ref>adch++ gui</Object_Ref>
					<Object_Ref>dshub</Object_Ref>
					<Object_Ref>flexhub</Object_Ref>
					<Object_Ref>luadch</Object_Ref>
					<Object_Ref>nexthub</Object_Ref>
					<Object_Ref>uhub</Object_Ref>
					<Object_Ref>erlhub</Object_Ref>
					<Object_Ref>starlet adc hub</Object_Ref>
					<Object_Ref>starhub</Object_Ref>
					<Object_Ref>rushub</Object_Ref>
				</Extent>
				<Intent>
				</Intent>
				<UpperCovers>
				</UpperCovers>
			</Concept>
			<Concept>
				<ID>Concept_ctx_12</ID>
				<Extent>
					<Object_Ref>adch++</Object_Ref>
					<Object_Ref>adch++ gui</Object_Ref>
					<Object_Ref>dshub</Object_Ref>
					<Object_Ref>flexhub</Object_Ref>
					<Object_Ref>luadch</Object_Ref>
					<Object_Ref>nexthub</Object_Ref>
					<Object_Ref>uhub</Object_Ref>
					<Object_Ref>erlhub</Object_Ref>
					<Object_Ref>starhub</Object_Ref>
					<Object_Ref>rushub</Object_Ref>
				</Extent>
				<Intent>
					<Attribute_Ref>windows</Attribute_Ref>
				</Intent>
				<UpperCovers>
					<Concept_Ref>Concept_ctx_13</Concept_Ref>
				</UpperCovers>
			</Concept>
			<Concept>
				<ID>Concept_ctx_11</ID>
				<Extent>
					<Object_Ref>adch++</Object_Ref>
					<Object_Ref>adch++ gui</Object_Ref>
					<Object_Ref>dshub</Object_Ref>
					<Object_Ref>flexhub</Object_Ref>
					<Object_Ref>luadch</Object_Ref>
					<Object_Ref>uhub</Object_Ref>
					<Object_Ref>erlhub</Object_Ref>
					<Object_Ref>starhub</Object_Ref>
					<Object_Ref>rushub</Object_Ref>
				</Extent>
				<Intent>
					<Attribute_Ref>linux</Attribute_Ref>
					<Attribute_Ref>windows</Attribute_Ref>
				</Intent>
				<UpperCovers>
					<Concept_Ref>Concept_ctx_12</Concept_Ref>
				</UpperCovers>
			</Concept>
			<Concept>
				<ID>Concept_ctx_10</ID>
				<Extent>
					<Object_Ref>dshub</Object_Ref>
					<Object_Ref>luadch</Object_Ref>
					<Object_Ref>uhub</Object_Ref>
					<Object_Ref>erlhub</Object_Ref>
					<Object_Ref>starhub</Object_Ref>
					<Object_Ref>rushub</Object_Ref>
				</Extent>
				<Intent>
					<Attribute_Ref>linux</Attribute_Ref>
					<Attribute_Ref>os x</Attribute_Ref>
					<Attribute_Ref>windows</Attribute_Ref>
				</Intent>
				<UpperCovers>
					<Concept_Ref>Concept_ctx_11</Concept_Ref>
				</UpperCovers>
			</Concept>
			<Concept>
				<ID>Concept_ctx_9</ID>
				<Extent>
					<Object_Ref>dshub</Object_Ref>
					<Object_Ref>starhub</Object_Ref>
				</Extent>
				<Intent>
					<Attribute_Ref>linux</Attribute_Ref>
					<Attribute_Ref>os x</Attribute_Ref>
					<Attribute_Ref>windows</Attribute_Ref>
					<Attribute_Ref>other:={java enabled platform}</Attribute_Ref>
				</Intent>
				<UpperCovers>
					<Concept_Ref>Concept_ctx_10</Concept_Ref>
				</UpperCovers>
			</Concept>
			<Concept>
				<ID>Concept_ctx_0</ID>
				<Extent>
				</Extent>
				<Intent>
					<Attribute_Ref>other:={bsd,openwrt,haiku,solaris}</Attribute_Ref>
					<Attribute_Ref>other:={synology nas,gcc enabled platform,raspberry pi}</Attribute_Ref>
					<Attribute_Ref>other:={python enabled platform}</Attribute_Ref>
					<Attribute_Ref>other:={freebsd,solaris}</Attribute_Ref>
					<Attribute_Ref>linux</Attribute_Ref>
					<Attribute_Ref>other:={erlang enabled platform}</Attribute_Ref>
					<Attribute_Ref>os x</Attribute_Ref>
					<Attribute_Ref>other:={c# enabled platform}</Attribute_Ref>
					<Attribute_Ref>other:={openvms}</Attribute_Ref>
					<Attribute_Ref>other:={solaris}</Attribute_Ref>
					<Attribute_Ref>windows</Attribute_Ref>
					<Attribute_Ref>other:={java enabled platform}</Attribute_Ref>
				</Intent>
				<UpperCovers>
					<Concept_Ref>Concept_ctx_7</Concept_Ref>
					<Concept_Ref>Concept_ctx_2</Concept_Ref>
					<Concept_Ref>Concept_ctx_5</Concept_Ref>
					<Concept_Ref>Concept_ctx_3</Concept_Ref>
					<Concept_Ref>Concept_ctx_1</Concept_Ref>
					<Concept_Ref>Concept_ctx_6</Concept_Ref>
					<Concept_Ref>Concept_ctx_4</Concept_Ref>
					<Concept_Ref>Concept_ctx_9</Concept_Ref>
				</UpperCovers>
			</Concept>
			<Concept>
				<ID>Concept_ctx_2</ID>
				<Extent>
					<Object_Ref>starlet adc hub</Object_Ref>
				</Extent>
				<Intent>
					<Attribute_Ref>other:={openvms}</Attribute_Ref>
				</Intent>
				<UpperCovers>
					<Concept_Ref>Concept_ctx_13</Concept_Ref>
				</UpperCovers>
			</Concept>
			<Concept>
				<ID>Concept_ctx_7</ID>
				<Extent>
					<Object_Ref>adch++ gui</Object_Ref>
				</Extent>
				<Intent>
					<Attribute_Ref>other:={python enabled platform}</Attribute_Ref>
					<Attribute_Ref>linux</Attribute_Ref>
					<Attribute_Ref>windows</Attribute_Ref>
				</Intent>
				<UpperCovers>
					<Concept_Ref>Concept_ctx_11</Concept_Ref>
				</UpperCovers>
			</Concept>
			<Concept>
				<ID>Concept_ctx_5</ID>
				<Extent>
					<Object_Ref>nexthub</Object_Ref>
				</Extent>
				<Intent>
					<Attribute_Ref>other:={c# enabled platform}</Attribute_Ref>
					<Attribute_Ref>windows</Attribute_Ref>
				</Intent>
				<UpperCovers>
					<Concept_Ref>Concept_ctx_12</Concept_Ref>
				</UpperCovers>
			</Concept>
			<Concept>
				<ID>Concept_ctx_3</ID>
				<Extent>
					<Object_Ref>erlhub</Object_Ref>
				</Extent>
				<Intent>
					<Attribute_Ref>linux</Attribute_Ref>
					<Attribute_Ref>other:={erlang enabled platform}</Attribute_Ref>
					<Attribute_Ref>os x</Attribute_Ref>
					<Attribute_Ref>windows</Attribute_Ref>
				</Intent>
				<UpperCovers>
					<Concept_Ref>Concept_ctx_10</Concept_Ref>
				</UpperCovers>
			</Concept>
			<Concept>
				<ID>Concept_ctx_8</ID>
				<Extent>
					<Object_Ref>uhub</Object_Ref>
					<Object_Ref>rushub</Object_Ref>
				</Extent>
				<Intent>
					<Attribute_Ref>linux</Attribute_Ref>
					<Attribute_Ref>os x</Attribute_Ref>
					<Attribute_Ref>other:={solaris}</Attribute_Ref>
					<Attribute_Ref>windows</Attribute_Ref>
				</Intent>
				<UpperCovers>
					<Concept_Ref>Concept_ctx_10</Concept_Ref>
				</UpperCovers>
			</Concept>
			<Concept>
				<ID>Concept_ctx_1</ID>
				<Extent>
					<Object_Ref>rushub</Object_Ref>
				</Extent>
				<Intent>
					<Attribute_Ref>other:={freebsd,solaris}</Attribute_Ref>
					<Attribute_Ref>linux</Attribute_Ref>
					<Attribute_Ref>os x</Attribute_Ref>
					<Attribute_Ref>other:={solaris}</Attribute_Ref>
					<Attribute_Ref>windows</Attribute_Ref>
				</Intent>
				<UpperCovers>
					<Concept_Ref>Concept_ctx_8</Concept_Ref>
				</UpperCovers>
			</Concept>
			<Concept>
				<ID>Concept_ctx_6</ID>
				<Extent>
					<Object_Ref>luadch</Object_Ref>
				</Extent>
				<Intent>
					<Attribute_Ref>other:={synology nas,gcc enabled platform,raspberry pi}</Attribute_Ref>
					<Attribute_Ref>linux</Attribute_Ref>
					<Attribute_Ref>os x</Attribute_Ref>
					<Attribute_Ref>windows</Attribute_Ref>
				</Intent>
				<UpperCovers>
					<Concept_Ref>Concept_ctx_10</Concept_Ref>
				</UpperCovers>
			</Concept>
			<Concept>
				<ID>Concept_ctx_4</ID>
				<Extent>
					<Object_Ref>uhub</Object_Ref>
				</Extent>
				<Intent>
					<Attribute_Ref>other:={bsd,openwrt,haiku,solaris}</Attribute_Ref>
					<Attribute_Ref>linux</Attribute_Ref>
					<Attribute_Ref>os x</Attribute_Ref>
					<Attribute_Ref>other:={solaris}</Attribute_Ref>
					<Attribute_Ref>windows</Attribute_Ref>
				</Intent>
				<UpperCovers>
					<Concept_Ref>Concept_ctx_8</Concept_Ref>
				</UpperCovers>
			</Concept>
		</Lattice>
	</Step >
</RCAExplore_Document>
