<RCAExplore_Document>
	<Step nb="0">
		<Lattice numberObj="12" numberAtt="12" numberCpt="12" >
			<Config algo="acposet">
			</Config>
			<Name>ctx</Name>
			<Object>airdc++</Object>
			<Object>airdc++ nano</Object>
			<Object>apexdc++</Object>
			<Object>dc++</Object>
			<Object>jucy</Object>
			<Object>linuxdc++</Object>
			<Object>eiskaltdc++</Object>
			<Object>flylinkdc++</Object>
			<Object>rsx++</Object>
			<Object>tkdc++</Object>
			<Object>strongdc++</Object>
			<Object>ncdc</Object>
			<Attribute>gui</Attribute>
			<Attribute>cli</Attribute>
			<Attribute>webui</Attribute>
			<Attribute>programming language:={c++}</Attribute>
			<Attribute>programming language:={java}</Attribute>
			<Attribute>programming language:={c}</Attribute>
			<Attribute>programming language:={c++,lua}</Attribute>
			<Attribute>based on:={dc++}</Attribute>
			<Attribute>based on:={strongdc++}</Attribute>
			<Attribute>based on:={airdc++,nanodc}</Attribute>
			<Attribute>based on:={dc++,strongdc++}</Attribute>
			<Attribute>based on:={dc++,apexdc speed mode,strongdc++}</Attribute>
			<Concept>
				<ID>Concept_ctx_2</ID>
				<Extent>
					<Object_Ref>jucy</Object_Ref>
				</Extent>
				<Intent>
					<Attribute_Ref>programming language:={java}</Attribute_Ref>
					<Attribute_Ref>gui</Attribute_Ref>
				</Intent>
				<UpperCovers>
					<Concept_Ref>Concept_ctx_10</Concept_Ref>
				</UpperCovers>
			</Concept>
			<Concept>
				<ID>Concept_ctx_0</ID>
				<Extent>
					<Object_Ref>ncdc</Object_Ref>
				</Extent>
				<Intent>
					<Attribute_Ref>cli</Attribute_Ref>
					<Attribute_Ref>programming language:={c}</Attribute_Ref>
				</Intent>
				<UpperCovers>
					<Concept_Ref>Concept_ctx_6</Concept_Ref>
				</UpperCovers>
			</Concept>
			<Concept>
				<ID>Concept_ctx_3</ID>
				<Extent>
					<Object_Ref>airdc++ nano</Object_Ref>
				</Extent>
				<Intent>
					<Attribute_Ref>cli</Attribute_Ref>
					<Attribute_Ref>based on:={airdc++,nanodc}</Attribute_Ref>
					<Attribute_Ref>programming language:={c++}</Attribute_Ref>
				</Intent>
				<UpperCovers>
					<Concept_Ref>Concept_ctx_6</Concept_Ref>
					<Concept_Ref>Concept_ctx_11</Concept_Ref>
				</UpperCovers>
			</Concept>
			<Concept>
				<ID>Concept_ctx_4</ID>
				<Extent>
					<Object_Ref>flylinkdc++</Object_Ref>
					<Object_Ref>tkdc++</Object_Ref>
				</Extent>
				<Intent>
					<Attribute_Ref>based on:={dc++,strongdc++}</Attribute_Ref>
					<Attribute_Ref>based on:={strongdc++}</Attribute_Ref>
					<Attribute_Ref>based on:={dc++}</Attribute_Ref>
					<Attribute_Ref>gui</Attribute_Ref>
					<Attribute_Ref>programming language:={c++}</Attribute_Ref>
				</Intent>
				<UpperCovers>
					<Concept_Ref>Concept_ctx_8</Concept_Ref>
					<Concept_Ref>Concept_ctx_9</Concept_Ref>
				</UpperCovers>
			</Concept>
			<Concept>
				<ID>Concept_ctx_5</ID>
				<Extent>
					<Object_Ref>eiskaltdc++</Object_Ref>
					<Object_Ref>flylinkdc++</Object_Ref>
				</Extent>
				<Intent>
					<Attribute_Ref>webui</Attribute_Ref>
					<Attribute_Ref>based on:={dc++}</Attribute_Ref>
					<Attribute_Ref>gui</Attribute_Ref>
					<Attribute_Ref>programming language:={c++}</Attribute_Ref>
				</Intent>
				<UpperCovers>
					<Concept_Ref>Concept_ctx_8</Concept_Ref>
				</UpperCovers>
			</Concept>
			<Concept>
				<ID>Concept_ctx_6</ID>
				<Extent>
					<Object_Ref>airdc++ nano</Object_Ref>
					<Object_Ref>eiskaltdc++</Object_Ref>
					<Object_Ref>ncdc</Object_Ref>
				</Extent>
				<Intent>
					<Attribute_Ref>cli</Attribute_Ref>
				</Intent>
				<UpperCovers>
				</UpperCovers>
			</Concept>
			<Concept>
				<ID>Concept_ctx_7</ID>
				<Extent>
					<Object_Ref>apexdc++</Object_Ref>
					<Object_Ref>eiskaltdc++</Object_Ref>
					<Object_Ref>rsx++</Object_Ref>
					<Object_Ref>tkdc++</Object_Ref>
				</Extent>
				<Intent>
					<Attribute_Ref>programming language:={c++,lua}</Attribute_Ref>
					<Attribute_Ref>gui</Attribute_Ref>
					<Attribute_Ref>programming language:={c++}</Attribute_Ref>
				</Intent>
				<UpperCovers>
					<Concept_Ref>Concept_ctx_10</Concept_Ref>
					<Concept_Ref>Concept_ctx_11</Concept_Ref>
				</UpperCovers>
			</Concept>
			<Concept>
				<ID>Concept_ctx_8</ID>
				<Extent>
					<Object_Ref>linuxdc++</Object_Ref>
					<Object_Ref>eiskaltdc++</Object_Ref>
					<Object_Ref>flylinkdc++</Object_Ref>
					<Object_Ref>tkdc++</Object_Ref>
					<Object_Ref>strongdc++</Object_Ref>
				</Extent>
				<Intent>
					<Attribute_Ref>based on:={dc++}</Attribute_Ref>
					<Attribute_Ref>gui</Attribute_Ref>
					<Attribute_Ref>programming language:={c++}</Attribute_Ref>
				</Intent>
				<UpperCovers>
					<Concept_Ref>Concept_ctx_10</Concept_Ref>
					<Concept_Ref>Concept_ctx_11</Concept_Ref>
				</UpperCovers>
			</Concept>
			<Concept>
				<ID>Concept_ctx_9</ID>
				<Extent>
					<Object_Ref>airdc++</Object_Ref>
					<Object_Ref>apexdc++</Object_Ref>
					<Object_Ref>flylinkdc++</Object_Ref>
					<Object_Ref>rsx++</Object_Ref>
					<Object_Ref>tkdc++</Object_Ref>
				</Extent>
				<Intent>
					<Attribute_Ref>based on:={strongdc++}</Attribute_Ref>
					<Attribute_Ref>gui</Attribute_Ref>
					<Attribute_Ref>programming language:={c++}</Attribute_Ref>
				</Intent>
				<UpperCovers>
					<Concept_Ref>Concept_ctx_10</Concept_Ref>
					<Concept_Ref>Concept_ctx_11</Concept_Ref>
				</UpperCovers>
			</Concept>
			<Concept>
				<ID>Concept_ctx_10</ID>
				<Extent>
					<Object_Ref>airdc++</Object_Ref>
					<Object_Ref>apexdc++</Object_Ref>
					<Object_Ref>dc++</Object_Ref>
					<Object_Ref>jucy</Object_Ref>
					<Object_Ref>linuxdc++</Object_Ref>
					<Object_Ref>eiskaltdc++</Object_Ref>
					<Object_Ref>flylinkdc++</Object_Ref>
					<Object_Ref>rsx++</Object_Ref>
					<Object_Ref>tkdc++</Object_Ref>
					<Object_Ref>strongdc++</Object_Ref>
				</Extent>
				<Intent>
					<Attribute_Ref>gui</Attribute_Ref>
				</Intent>
				<UpperCovers>
				</UpperCovers>
			</Concept>
			<Concept>
				<ID>Concept_ctx_11</ID>
				<Extent>
					<Object_Ref>airdc++</Object_Ref>
					<Object_Ref>airdc++ nano</Object_Ref>
					<Object_Ref>apexdc++</Object_Ref>
					<Object_Ref>dc++</Object_Ref>
					<Object_Ref>linuxdc++</Object_Ref>
					<Object_Ref>eiskaltdc++</Object_Ref>
					<Object_Ref>flylinkdc++</Object_Ref>
					<Object_Ref>rsx++</Object_Ref>
					<Object_Ref>tkdc++</Object_Ref>
					<Object_Ref>strongdc++</Object_Ref>
				</Extent>
				<Intent>
					<Attribute_Ref>programming language:={c++}</Attribute_Ref>
				</Intent>
				<UpperCovers>
				</UpperCovers>
			</Concept>
			<Concept>
				<ID>Concept_ctx_1</ID>
				<Extent>
					<Object_Ref>flylinkdc++</Object_Ref>
				</Extent>
				<Intent>
					<Attribute_Ref>webui</Attribute_Ref>
					<Attribute_Ref>based on:={dc++,strongdc++}</Attribute_Ref>
					<Attribute_Ref>based on:={dc++}</Attribute_Ref>
					<Attribute_Ref>based on:={strongdc++}</Attribute_Ref>
					<Attribute_Ref>gui</Attribute_Ref>
					<Attribute_Ref>based on:={dc++,apexdc speed mode,strongdc++}</Attribute_Ref>
					<Attribute_Ref>programming language:={c++}</Attribute_Ref>
				</Intent>
				<UpperCovers>
					<Concept_Ref>Concept_ctx_4</Concept_Ref>
					<Concept_Ref>Concept_ctx_5</Concept_Ref>
				</UpperCovers>
			</Concept>
		</Lattice>
	</Step >
</RCAExplore_Document>
