<RCAExplore_Document>
	<Step nb="0">
		<Lattice numberObj="10" numberAtt="7" numberCpt="8" >
			<Config algo="fca">
			</Config>
			<Name>ctx</Name>
			<Object>adccore</Object>
			<Object>dcbouncer</Object>
			<Object>dc-hublink</Object>
			<Object>dcwatch</Object>
			<Object>embla</Object>
			<Object>flowlib</Object>
			<Object>netchatlink</Object>
			<Object>announcer bot</Object>
			<Object>certmanager</Object>
			<Object>seriebot</Object>
			<Attribute>windows</Attribute>
			<Attribute>linux</Attribute>
			<Attribute>os x</Attribute>
			<Attribute>other:={java enabled platform}</Attribute>
			<Attribute>other:={.net4 enabled platform}</Attribute>
			<Attribute>other:={c# enabled platform}</Attribute>
			<Attribute>other:={wine}</Attribute>
			<Concept>
				<ID>Concept_ctx_7</ID>
				<Extent>
					<Object_Ref>adccore</Object_Ref>
					<Object_Ref>dcbouncer</Object_Ref>
					<Object_Ref>dc-hublink</Object_Ref>
					<Object_Ref>dcwatch</Object_Ref>
					<Object_Ref>embla</Object_Ref>
					<Object_Ref>flowlib</Object_Ref>
					<Object_Ref>netchatlink</Object_Ref>
					<Object_Ref>announcer bot</Object_Ref>
					<Object_Ref>certmanager</Object_Ref>
					<Object_Ref>seriebot</Object_Ref>
				</Extent>
				<Intent>
					<Attribute_Ref>windows</Attribute_Ref>
				</Intent>
				<UpperCovers>
				</UpperCovers>
			</Concept>
			<Concept>
				<ID>Concept_ctx_6</ID>
				<Extent>
					<Object_Ref>dcbouncer</Object_Ref>
					<Object_Ref>dcwatch</Object_Ref>
					<Object_Ref>embla</Object_Ref>
					<Object_Ref>flowlib</Object_Ref>
					<Object_Ref>seriebot</Object_Ref>
				</Extent>
				<Intent>
					<Attribute_Ref>linux</Attribute_Ref>
					<Attribute_Ref>windows</Attribute_Ref>
				</Intent>
				<UpperCovers>
					<Concept_Ref>Concept_ctx_7</Concept_Ref>
				</UpperCovers>
			</Concept>
			<Concept>
				<ID>Concept_ctx_5</ID>
				<Extent>
					<Object_Ref>embla</Object_Ref>
					<Object_Ref>flowlib</Object_Ref>
					<Object_Ref>seriebot</Object_Ref>
				</Extent>
				<Intent>
					<Attribute_Ref>linux</Attribute_Ref>
					<Attribute_Ref>os x</Attribute_Ref>
					<Attribute_Ref>windows</Attribute_Ref>
				</Intent>
				<UpperCovers>
					<Concept_Ref>Concept_ctx_6</Concept_Ref>
				</UpperCovers>
			</Concept>
			<Concept>
				<ID>Concept_ctx_2</ID>
				<Extent>
					<Object_Ref>embla</Object_Ref>
				</Extent>
				<Intent>
					<Attribute_Ref>linux</Attribute_Ref>
					<Attribute_Ref>os x</Attribute_Ref>
					<Attribute_Ref>windows</Attribute_Ref>
					<Attribute_Ref>other:={java enabled platform}</Attribute_Ref>
				</Intent>
				<UpperCovers>
					<Concept_Ref>Concept_ctx_5</Concept_Ref>
				</UpperCovers>
			</Concept>
			<Concept>
				<ID>Concept_ctx_0</ID>
				<Extent>
				</Extent>
				<Intent>
					<Attribute_Ref>other:={wine}</Attribute_Ref>
					<Attribute_Ref>linux</Attribute_Ref>
					<Attribute_Ref>os x</Attribute_Ref>
					<Attribute_Ref>other:={c# enabled platform}</Attribute_Ref>
					<Attribute_Ref>windows</Attribute_Ref>
					<Attribute_Ref>other:={.net4 enabled platform}</Attribute_Ref>
					<Attribute_Ref>other:={java enabled platform}</Attribute_Ref>
				</Intent>
				<UpperCovers>
					<Concept_Ref>Concept_ctx_2</Concept_Ref>
					<Concept_Ref>Concept_ctx_4</Concept_Ref>
					<Concept_Ref>Concept_ctx_1</Concept_Ref>
					<Concept_Ref>Concept_ctx_3</Concept_Ref>
				</UpperCovers>
			</Concept>
			<Concept>
				<ID>Concept_ctx_3</ID>
				<Extent>
					<Object_Ref>adccore</Object_Ref>
				</Extent>
				<Intent>
					<Attribute_Ref>other:={.net4 enabled platform}</Attribute_Ref>
					<Attribute_Ref>windows</Attribute_Ref>
				</Intent>
				<UpperCovers>
					<Concept_Ref>Concept_ctx_7</Concept_Ref>
				</UpperCovers>
			</Concept>
			<Concept>
				<ID>Concept_ctx_4</ID>
				<Extent>
					<Object_Ref>flowlib</Object_Ref>
					<Object_Ref>seriebot</Object_Ref>
				</Extent>
				<Intent>
					<Attribute_Ref>linux</Attribute_Ref>
					<Attribute_Ref>os x</Attribute_Ref>
					<Attribute_Ref>other:={c# enabled platform}</Attribute_Ref>
					<Attribute_Ref>windows</Attribute_Ref>
				</Intent>
				<UpperCovers>
					<Concept_Ref>Concept_ctx_5</Concept_Ref>
				</UpperCovers>
			</Concept>
			<Concept>
				<ID>Concept_ctx_1</ID>
				<Extent>
					<Object_Ref>netchatlink</Object_Ref>
				</Extent>
				<Intent>
					<Attribute_Ref>other:={wine}</Attribute_Ref>
					<Attribute_Ref>windows</Attribute_Ref>
				</Intent>
				<UpperCovers>
					<Concept_Ref>Concept_ctx_7</Concept_Ref>
				</UpperCovers>
			</Concept>
		</Lattice>
	</Step >
	<Step nb="1">
		<Lattice numberObj="10" numberAtt="7" numberCpt="8" >
			<Config algo="fca">
			</Config>
			<Name>ctx</Name>
			<Object>adccore</Object>
			<Object>dcbouncer</Object>
			<Object>dc-hublink</Object>
			<Object>dcwatch</Object>
			<Object>embla</Object>
			<Object>flowlib</Object>
			<Object>netchatlink</Object>
			<Object>announcer bot</Object>
			<Object>certmanager</Object>
			<Object>seriebot</Object>
			<Attribute>windows</Attribute>
			<Attribute>linux</Attribute>
			<Attribute>os x</Attribute>
			<Attribute>other:={java enabled platform}</Attribute>
			<Attribute>other:={.net4 enabled platform}</Attribute>
			<Attribute>other:={c# enabled platform}</Attribute>
			<Attribute>other:={wine}</Attribute>
			<Concept>
				<ID>Concept_ctx_7</ID>
				<Extent>
					<Object_Ref>adccore</Object_Ref>
					<Object_Ref>dcbouncer</Object_Ref>
					<Object_Ref>dc-hublink</Object_Ref>
					<Object_Ref>dcwatch</Object_Ref>
					<Object_Ref>embla</Object_Ref>
					<Object_Ref>flowlib</Object_Ref>
					<Object_Ref>netchatlink</Object_Ref>
					<Object_Ref>announcer bot</Object_Ref>
					<Object_Ref>certmanager</Object_Ref>
					<Object_Ref>seriebot</Object_Ref>
				</Extent>
				<Intent>
					<Attribute_Ref>windows</Attribute_Ref>
				</Intent>
				<UpperCovers>
				</UpperCovers>
			</Concept>
			<Concept>
				<ID>Concept_ctx_6</ID>
				<Extent>
					<Object_Ref>dcbouncer</Object_Ref>
					<Object_Ref>dcwatch</Object_Ref>
					<Object_Ref>embla</Object_Ref>
					<Object_Ref>flowlib</Object_Ref>
					<Object_Ref>seriebot</Object_Ref>
				</Extent>
				<Intent>
					<Attribute_Ref>linux</Attribute_Ref>
					<Attribute_Ref>windows</Attribute_Ref>
				</Intent>
				<UpperCovers>
					<Concept_Ref>Concept_ctx_7</Concept_Ref>
				</UpperCovers>
			</Concept>
			<Concept>
				<ID>Concept_ctx_5</ID>
				<Extent>
					<Object_Ref>embla</Object_Ref>
					<Object_Ref>flowlib</Object_Ref>
					<Object_Ref>seriebot</Object_Ref>
				</Extent>
				<Intent>
					<Attribute_Ref>linux</Attribute_Ref>
					<Attribute_Ref>os x</Attribute_Ref>
					<Attribute_Ref>windows</Attribute_Ref>
				</Intent>
				<UpperCovers>
					<Concept_Ref>Concept_ctx_6</Concept_Ref>
				</UpperCovers>
			</Concept>
			<Concept>
				<ID>Concept_ctx_2</ID>
				<Extent>
					<Object_Ref>embla</Object_Ref>
				</Extent>
				<Intent>
					<Attribute_Ref>linux</Attribute_Ref>
					<Attribute_Ref>os x</Attribute_Ref>
					<Attribute_Ref>windows</Attribute_Ref>
					<Attribute_Ref>other:={java enabled platform}</Attribute_Ref>
				</Intent>
				<UpperCovers>
					<Concept_Ref>Concept_ctx_5</Concept_Ref>
				</UpperCovers>
			</Concept>
			<Concept>
				<ID>Concept_ctx_0</ID>
				<Extent>
				</Extent>
				<Intent>
					<Attribute_Ref>other:={wine}</Attribute_Ref>
					<Attribute_Ref>linux</Attribute_Ref>
					<Attribute_Ref>os x</Attribute_Ref>
					<Attribute_Ref>other:={c# enabled platform}</Attribute_Ref>
					<Attribute_Ref>windows</Attribute_Ref>
					<Attribute_Ref>other:={.net4 enabled platform}</Attribute_Ref>
					<Attribute_Ref>other:={java enabled platform}</Attribute_Ref>
				</Intent>
				<UpperCovers>
					<Concept_Ref>Concept_ctx_2</Concept_Ref>
					<Concept_Ref>Concept_ctx_4</Concept_Ref>
					<Concept_Ref>Concept_ctx_1</Concept_Ref>
					<Concept_Ref>Concept_ctx_3</Concept_Ref>
				</UpperCovers>
			</Concept>
			<Concept>
				<ID>Concept_ctx_3</ID>
				<Extent>
					<Object_Ref>adccore</Object_Ref>
				</Extent>
				<Intent>
					<Attribute_Ref>other:={.net4 enabled platform}</Attribute_Ref>
					<Attribute_Ref>windows</Attribute_Ref>
				</Intent>
				<UpperCovers>
					<Concept_Ref>Concept_ctx_7</Concept_Ref>
				</UpperCovers>
			</Concept>
			<Concept>
				<ID>Concept_ctx_4</ID>
				<Extent>
					<Object_Ref>flowlib</Object_Ref>
					<Object_Ref>seriebot</Object_Ref>
				</Extent>
				<Intent>
					<Attribute_Ref>linux</Attribute_Ref>
					<Attribute_Ref>os x</Attribute_Ref>
					<Attribute_Ref>other:={c# enabled platform}</Attribute_Ref>
					<Attribute_Ref>windows</Attribute_Ref>
				</Intent>
				<UpperCovers>
					<Concept_Ref>Concept_ctx_5</Concept_Ref>
				</UpperCovers>
			</Concept>
			<Concept>
				<ID>Concept_ctx_1</ID>
				<Extent>
					<Object_Ref>netchatlink</Object_Ref>
				</Extent>
				<Intent>
					<Attribute_Ref>other:={wine}</Attribute_Ref>
					<Attribute_Ref>windows</Attribute_Ref>
				</Intent>
				<UpperCovers>
					<Concept_Ref>Concept_ctx_7</Concept_Ref>
				</UpperCovers>
			</Concept>
		</Lattice>
	</Step >
</RCAExplore_Document>
