<RCAExplore_Document>
	<Step nb="0">
		<Lattice numberObj="8" numberAtt="10" numberCpt="9" >
			<Config algo="acposet">
			</Config>
			<Name>ctx</Name>
			<Object>adccore</Object>
			<Object>dcbouncer</Object>
			<Object>dc-hublink</Object>
			<Object>dcwatch</Object>
			<Object>embla</Object>
			<Object>flowlib</Object>
			<Object>netchatlink</Object>
			<Object>announcer bot</Object>
			<Attribute>encryption</Attribute>
			<Attribute>ipv6</Attribute>
			<Attribute>plugin extendable</Attribute>
			<Attribute>hash algorithms:={tiger tree hash}</Attribute>
			<Attribute>hash algorithms:=*</Attribute>
			<Attribute>adc support:={tigr}</Attribute>
			<Attribute>adc support:={adcs}</Attribute>
			<Attribute>adc support:={any clients,hubs}</Attribute>
			<Attribute>adc support:={tigr,adcs}</Attribute>
			<Attribute>adc support:={osnr,adcs}</Attribute>
			<Concept>
				<ID>Concept_ctx_0</ID>
				<Extent>
				</Extent>
				<Intent>
					<Attribute_Ref>encryption</Attribute_Ref>
					<Attribute_Ref>ipv6</Attribute_Ref>
					<Attribute_Ref>plugin extendable</Attribute_Ref>
					<Attribute_Ref>adc support:={tigr,adcs}</Attribute_Ref>
					<Attribute_Ref>adc support:={osnr,adcs}</Attribute_Ref>
					<Attribute_Ref>adc support:={adcs}</Attribute_Ref>
					<Attribute_Ref>hash algorithms:=*</Attribute_Ref>
					<Attribute_Ref>adc support:={any clients,hubs}</Attribute_Ref>
					<Attribute_Ref>adc support:={tigr}</Attribute_Ref>
					<Attribute_Ref>hash algorithms:={tiger tree hash}</Attribute_Ref>
				</Intent>
				<UpperCovers>
					<Concept_Ref>Concept_ctx_1</Concept_Ref>
					<Concept_Ref>Concept_ctx_2</Concept_Ref>
					<Concept_Ref>Concept_ctx_3</Concept_Ref>
				</UpperCovers>
			</Concept>
			<Concept>
				<ID>Concept_ctx_1</ID>
				<Extent>
					<Object_Ref>announcer bot</Object_Ref>
				</Extent>
				<Intent>
					<Attribute_Ref>encryption</Attribute_Ref>
					<Attribute_Ref>adc support:={osnr,adcs}</Attribute_Ref>
					<Attribute_Ref>adc support:={adcs}</Attribute_Ref>
					<Attribute_Ref>hash algorithms:=*</Attribute_Ref>
				</Intent>
				<UpperCovers>
					<Concept_Ref>Concept_ctx_4</Concept_Ref>
				</UpperCovers>
			</Concept>
			<Concept>
				<ID>Concept_ctx_2</ID>
				<Extent>
					<Object_Ref>dcbouncer</Object_Ref>
				</Extent>
				<Intent>
					<Attribute_Ref>encryption</Attribute_Ref>
					<Attribute_Ref>adc support:={any clients,hubs}</Attribute_Ref>
					<Attribute_Ref>hash algorithms:={tiger tree hash}</Attribute_Ref>
				</Intent>
				<UpperCovers>
					<Concept_Ref>Concept_ctx_7</Concept_Ref>
					<Concept_Ref>Concept_ctx_8</Concept_Ref>
				</UpperCovers>
			</Concept>
			<Concept>
				<ID>Concept_ctx_3</ID>
				<Extent>
					<Object_Ref>adccore</Object_Ref>
					<Object_Ref>dcwatch</Object_Ref>
				</Extent>
				<Intent>
					<Attribute_Ref>encryption</Attribute_Ref>
					<Attribute_Ref>plugin extendable</Attribute_Ref>
					<Attribute_Ref>adc support:={tigr,adcs}</Attribute_Ref>
					<Attribute_Ref>adc support:={adcs}</Attribute_Ref>
					<Attribute_Ref>adc support:={tigr}</Attribute_Ref>
					<Attribute_Ref>hash algorithms:={tiger tree hash}</Attribute_Ref>
				</Intent>
				<UpperCovers>
					<Concept_Ref>Concept_ctx_4</Concept_Ref>
					<Concept_Ref>Concept_ctx_5</Concept_Ref>
				</UpperCovers>
			</Concept>
			<Concept>
				<ID>Concept_ctx_4</ID>
				<Extent>
					<Object_Ref>adccore</Object_Ref>
					<Object_Ref>dcwatch</Object_Ref>
					<Object_Ref>announcer bot</Object_Ref>
				</Extent>
				<Intent>
					<Attribute_Ref>encryption</Attribute_Ref>
					<Attribute_Ref>adc support:={adcs}</Attribute_Ref>
				</Intent>
				<UpperCovers>
					<Concept_Ref>Concept_ctx_7</Concept_Ref>
				</UpperCovers>
			</Concept>
			<Concept>
				<ID>Concept_ctx_5</ID>
				<Extent>
					<Object_Ref>adccore</Object_Ref>
					<Object_Ref>dcwatch</Object_Ref>
					<Object_Ref>embla</Object_Ref>
					<Object_Ref>flowlib</Object_Ref>
				</Extent>
				<Intent>
					<Attribute_Ref>encryption</Attribute_Ref>
					<Attribute_Ref>plugin extendable</Attribute_Ref>
					<Attribute_Ref>adc support:={tigr}</Attribute_Ref>
					<Attribute_Ref>hash algorithms:={tiger tree hash}</Attribute_Ref>
				</Intent>
				<UpperCovers>
					<Concept_Ref>Concept_ctx_7</Concept_Ref>
					<Concept_Ref>Concept_ctx_6</Concept_Ref>
				</UpperCovers>
			</Concept>
			<Concept>
				<ID>Concept_ctx_7</ID>
				<Extent>
					<Object_Ref>adccore</Object_Ref>
					<Object_Ref>dcbouncer</Object_Ref>
					<Object_Ref>dcwatch</Object_Ref>
					<Object_Ref>embla</Object_Ref>
					<Object_Ref>flowlib</Object_Ref>
					<Object_Ref>announcer bot</Object_Ref>
				</Extent>
				<Intent>
					<Attribute_Ref>encryption</Attribute_Ref>
				</Intent>
				<UpperCovers>
				</UpperCovers>
			</Concept>
			<Concept>
				<ID>Concept_ctx_6</ID>
				<Extent>
					<Object_Ref>adccore</Object_Ref>
					<Object_Ref>dc-hublink</Object_Ref>
					<Object_Ref>dcwatch</Object_Ref>
					<Object_Ref>embla</Object_Ref>
					<Object_Ref>flowlib</Object_Ref>
					<Object_Ref>netchatlink</Object_Ref>
				</Extent>
				<Intent>
					<Attribute_Ref>adc support:={tigr}</Attribute_Ref>
					<Attribute_Ref>hash algorithms:={tiger tree hash}</Attribute_Ref>
				</Intent>
				<UpperCovers>
					<Concept_Ref>Concept_ctx_8</Concept_Ref>
				</UpperCovers>
			</Concept>
			<Concept>
				<ID>Concept_ctx_8</ID>
				<Extent>
					<Object_Ref>adccore</Object_Ref>
					<Object_Ref>dcbouncer</Object_Ref>
					<Object_Ref>dc-hublink</Object_Ref>
					<Object_Ref>dcwatch</Object_Ref>
					<Object_Ref>embla</Object_Ref>
					<Object_Ref>flowlib</Object_Ref>
					<Object_Ref>netchatlink</Object_Ref>
				</Extent>
				<Intent>
					<Attribute_Ref>hash algorithms:={tiger tree hash}</Attribute_Ref>
				</Intent>
				<UpperCovers>
				</UpperCovers>
			</Concept>
		</Lattice>
	</Step >
</RCAExplore_Document>
